"CITY","LAT","LNG"
Labbi Camp,16.5,121.0667
Villa Remedios,16.7043,121.8306
Concong,17.6127,121.8016
Upas,18.088,120.6098
Silauan Sur,16.7033,121.6778
Casitan,18.2626,121.9327
Bagaong,17.6103,120.6759
Concepcion,16.972,121.7091
Gubu,18.3538,121.4435
Rizal,17.1148,121.7607
Rizal,16.9154,121.8027
Rizal,17.1241,121.6207
Rizal,16.835,121.6767
Cabaritan West,18.4221,121.4808
Cabayogan,17.4747,120.5928
Macsillo,18.2457,121.8193
Villa Fugu,16.9572,121.6276
Disimuray,16.8707,121.8858
Luga,18.2287,121.8926
Panang,16.4168,121.7357
Namarabar,17.5542,120.6427
Dilaan,18.2217,120.6004
Calungbayan,17.9378,120.6421
West,17.6,120.6667
Tumucalao,18.2333,120.6333
Lacab,16.5501,121.6735
Victory Norte,16.686,121.5462
Ricarte Norte,16.5799,121.496
Tenodan,16.6364,120.848
Surrate,18.0725,120.7412
Casat,16.5139,121.1497
Mungo East,17.7206,121.4819
Luna,16.97,121.73
Banaue,16.9119,121.0614
Villa Verde,16.6067,121.1828
Santa Teresita,18.2519,121.91
Rizal,17.5,121.6
Cervantes,16.9917,120.7333
Tublay,16.4764,120.6333
Tadian,16.9961,120.8208
Espiritu,17.9806,120.6544
Kapangan,16.5764,120.6053
Diadi,16.66,121.3686
Atok,16.6272,120.7672
Rizal,17.8478,121.345
Lagawe,16.7975,121.1228
Tinoc,16.675,120.9367
Santa Fe,16.1592,120.9378
Marcos,18.0444,120.6786
Bucay,17.54,120.72
Flora,18.2147,121.4186
Kiangan,16.7775,121.0878
Palanan,17.0589,122.43
Saguday,16.5394,121.5636
Dilasag,16.4,122.22
Kibungan,16.6939,120.6539
La Paz,17.6739,120.6847
Kabugao,18.0239,121.1833
Kabayan,16.6233,120.8381
Mayoyao,16.9736,121.2214
Pudtol,18.2356,121.3733
Ambaguio,16.5316,121.0282
Lagangilang,17.61,120.73
Tayum,17.62,120.66
Bakun,16.7925,120.6614
Bokod,16.4914,120.83
Santa Marcela,18.2872,121.4375
Tinglayan,17.265,121.1489
Malalam,17.1196,121.9031
Quibal,17.337,121.7556
Allavan,16.2772,121.0405
Ammubuan,18.3963,121.5352
Ngayao,18.1257,120.5955
Bacareña,16.8862,121.5762
Bayabat,17.8252,121.6119
Arcon,17.2884,121.835
Tabungaw,18.3067,120.6209
Cali,18.0702,120.6864
Adinaonao,16.5577,120.6995
Curifang,16.5167,121.2243
Magsayssay,16.4887,121.1422
San Manuel,16.8687,121.5981
San Manuel,17.0231,121.8635
Bannag,18.2,121.6667
Gaftug,16.85,120.75
Tuao North,16.5764,121.2496
Abbuatan,17.3003,121.8022
Caballyal,17.8503,121.6233
Ipang,16.5308,121.1864
Aggub,16.5612,121.2026
Macayepyep,17.9353,120.6578
Caldaan,16.5302,121.1849
Vintar,17.15,121.8833
Asassi,17.9048,121.7689
Dipintin,16.2879,121.6656
Caccag,17.9667,121.6167
Morado,17.1766,121.9262
Guising,18.021,121.6196
Asin Boji,17.3375,121.7875
Diego Silang,16.6288,121.4888
Ambongdolan,16.5435,120.6285
Labinab Pequeño,16.9859,121.8168
Quirino,18.3381,121.3852
Macapil,17.7834,121.4662
Lenzon,17.0377,121.8109
Patucannay,17.6073,120.6255
Tyan,16.4591,120.6333
Dabburab,16.8981,121.8179
Basil,16.5007,120.6051
Macupit,18.2944,120.64
Murong,16.6008,121.2276
Estefania,17.7995,121.7231
Turod,17.0011,121.787
Tagudtud,17.5951,120.7532
Dabbac Grande,17.8761,121.8885
Pinoma,16.8742,121.7067
San Ambrocio,18.25,120.6
San Gregorja,17.648,120.6434
Cattanamman,18.0333,121.7167
Pisang,17.0371,121.6625
Pisang,17.05,121.8333
Zig Zag Gate,16.3667,120.6
Mallabo,16.9938,121.9872
Cajel,16.5663,121.5119
Rantay,18.318,120.6041
Cabuluan,17.5933,120.6077
Aguet Sur,17.6103,120.7287
Fula,18.2491,121.7839
Poblacion Tres,17.4663,121.7503
Calabasa,17.0167,121.7
Pulay,16.9843,121.708
Sangil,18.2441,120.5939
Latar Noc-Nor,16.2604,121.0545
Maluno Norte,17.0193,121.9606
Sidem,18.0692,121.6967
Guribang,16.6384,121.4748
Salinungan East,16.8738,121.6208
Cabeseria Tres,17.0324,121.966
Lanna,17.696,121.7001
Lanna,17.5775,121.7282
Lanna,17.85,121.65
Amtaki,16.52,120.6371
San Antonio South,16.3278,121.1145
Luquilu,17.4295,121.7629
Sapid,16.852,120.7892
Santo Niño,16.313,121.6807
Tonoton,18.1568,120.7004
Quilliat,17.6,120.6167
Poblacion,17.4705,121.4695
San Luis,17.6802,121.4519
Minanga,17.2634,121.8342
Minanga,16.9723,121.8355
Minanga,16.9953,122.0194
Buneg,16.7059,121.6459
Baramban,17.0961,121.5835
Baramban,17.05,121.8333
San Geronimo,16.6136,121.2498
Santa Filomena,18.4299,121.4642
Catlubong,16.7402,120.8453
Magaad,16.6164,121.2211
Lomismo,18.0353,121.6472
Agani,17.9178,121.7039
Bagabag,16.6167,121.0167
Appas,17.4466,121.4544
Lingtan,17.614,120.6273
Nagbalayan Aguinaldo,16.938,121.9352
Villa Lucban,17.0127,122.0398
San Andres,16.9608,121.6653
San Andres,16.9021,121.6119
Napaccu Pequeño,16.9779,121.7866
Baralit,18.1792,120.6635
Pagmoc,16.7167,120.8333
Little Baguio,16.5825,121.1615
Diwas,17,122.0333
Smart,18.2528,121.9972
Calao West,16.6924,121.5533
Nambaran,18.2674,120.6461
Ampalang,16.7167,120.8167
Marabulig Primero,16.928,121.7624
Sotero Nuesa,17.1273,121.6142
San Agustin,18.1267,120.5871
Laoageña,17.9333,121.7667
Diamantina,16.918,121.6267
Balong,17.5476,121.4732
Macalong,16.3413,121.2412
Ambatali,16.8303,121.5148
Sagat,16.6613,121.4704
Libag,17.6069,121.7524
Paoay,17.2617,121.8553
Cullit,18.0425,121.6686
Roxas,17.0227,121.8382
Dalin,17.9841,121.9169
Mongcol,16.5376,121.1737
Abucay,18.1591,120.7403
Nemmatan,16.527,121.7364
Pandon,18.1428,120.6738
Caliguian,17.0698,121.6901
Lattac,17.837,121.555
Tabang,17.8286,121.5626
San Mateo,18.1722,120.6299
Paoa,17.6,120.7667
Lucban,16.6028,121.4828
Gaang,17.6833,120.7167
Pinaripad,16.4668,121.614
Santa Maria,16.2963,121.0796
Barabar,18.1469,120.6183
Nangalisan,17.6495,121.673
Poblacion,18.215,121.4158
Umoc,16.5882,121.156
Calantas,16.2833,122.1167
Lucbuban,16.3667,120.6833
Tagga-Dadda,17.579,121.7673
Raniag,16.7627,121.54
Nabuccayan,17.9483,121.6102
Pintor,17.05,121.8333
Victoria,16.4387,121.6373
Bangbangar,17.6078,120.6051
Orioung,16.6333,121.35
Villa Paz,17.0218,121.881
San Rafael Abajo,17.4117,121.7613
Conner,17.8086,121.2889
San Isidro,16.87,121.77
Quezon,17.3119,121.605
Casiguran,16.28,122.12
Kayapa,16.3583,120.8861
San Pablo,17.4478,121.795
Lamut,16.6517,121.2178
Burgos,17.07,121.7
Santa Maria,17.47,121.75
Nagtipunan,16.22,121.6
Camalaniugan,18.2756,121.6756
Sarrat,18.1578,120.6447
Quirino,17.1356,121.735
Solsona,18.0961,120.7725
Piat,17.7919,121.4769
Pamplona,18.4661,121.3425
Santo Tomas,17.4,121.77
Bontoc,17.09,120.9772
Quezon,16.4894,121.2639
Piddig,18.1647,120.7172
San Agustin,16.52,121.75
Luna,18.3311,121.3725
Dupax del Sur,16.2842,121.0917
Aguinaldo,16.9789,121.3272
San Guillermo,16.7244,121.81
Buliwang,16.8206,121.1145
Minuri,16.5323,121.8553
Gabon,18.088,120.6836
Cabugao,16.7084,121.6793
Bubu-os,18.1333,120.7667
Ajjao,17.8928,121.8703
Pissay,16.7466,121.7698
Bulbulala,18.2182,120.6958
Santa,17.3374,121.8082
Almaguer South,16.347,121.092
Payed,16.8737,120.8008
Bayabo West,17.2575,121.8561
Rondado,17.5697,121.6833
Gadgadan,16.3432,121.1083
Padeyto,16.636,120.8361
Cabuluan,16.595,121.1546
Limbos,18.3893,122.1371
Tullag,16.5705,121.2493
Curarig,18.2333,120.6
Maligaya,16.6974,121.6504
Maligaya,17.2793,121.8274
Maligaya,17.1864,121.6116
Salamagui,16.5544,121.1674
Barangay Segundo,16.5519,121.7
Calamagui East,17.4882,121.7685
Casibarag Norte,17.4371,121.7541
Paddad,16.8074,121.7192
Pauong,18.1833,120.5667
Fugu Norte,17.3435,121.7785
Calao East,16.6946,121.5536
Bacradal,16.6402,121.6823
Paykek,16.5856,120.6033
Abbeg,17.8455,121.6195
Porporiket,17.7049,120.7263
Alabug West,17.7354,121.4671
Masablang,17.5378,121.4387
Dolores,17.1879,121.774
Guribang,16.6343,121.5066
Picao,16.3833,120.6833
Banganan,16.3144,121.0544
Sadanga,17.1681,121.0264
San Emilio,17.2394,120.5786
Peñarrubia,17.56,120.65
Besao,17.0953,120.8561
Luba,17.32,120.7
Sallapadan,17.46,120.76
Divilaca,17.33,122.3
Dinapigue,16.525,122.2636
Villaviciosa,17.44,120.63
Tubo,17.26,120.73
Tineg,17.78,120.94
Gawana,17.0414,121.0994
San Isidro,17.47,120.6
Licuan,17.6092,120.9053
Boliney,17.38,120.82
Lagayan,17.72,120.71
Gregorio del Pilar,17.1483,120.6111
Danglas,17.6931,120.6653
Malibcong,17.56,120.99
Maconacon,17.3871,122.2379
Lacub,17.66,120.95
Sigay,17.0439,120.5806
Bucloc,17.44,120.86
Adams,18.4614,120.9021
Daguioman,17.46,120.93
Carasi,18.1428,120.8214
Tuplac,16.7666,121.0799
Calambeg,18.1806,120.729
Ajat,17.7487,121.7354
Cabuluan West,18.4222,121.4911
Manaoag,17.7547,121.7457
Gammad,17.7104,121.7437
Liglig,17.2678,121.1547
Dariwdiw,18.0993,120.5983
Lam-ag,17.6729,120.7322
Nagpapalcan,18.132,120.7831
Taroc,17.05,121.8333
Parsoliñgan,16.5667,120.6
Cadalagan,18.2517,122.0022
Papan Weste,16.5228,121.7874
Mangayang,16.3106,121.0702
Bilbila,17.6843,120.6674
Ugac,17.7725,121.7172
Bangsar,17.9548,120.6466
Minanga Proper,16.7598,121.7201
Sirit,18.4106,121.419
Bantay,18.2513,121.6927
Cataraoan,18.05,121.6167
Mabini,16.8134,121.7254
Mabini,17.0994,121.7345
Dammang East,16.6915,121.6739
Natayag,18.0476,120.5892
Tiker,17.6064,120.6767
Kalabaza,16.9769,121.6332
Chayo,16.9711,121.2142
San Ciriaco,18.2667,120.5833
Talugtug,18.0992,120.7678
Bulala Sur,18.381,121.5783
Lataag,18.1797,120.6403
Navotas,18.2313,120.5631
Santiago Espiritu,17.9839,120.7128
Masigun,17.05,121.8333
Masigun,17.0984,121.6846
Almacen,17.2833,121.8
Bannawag,16.5604,121.2126
Buyun,18.2367,121.8478
Calanigan,17.4333,121.7667
San Rafael East,17.4666,121.7555
Nagurayan,18.0439,120.5855
Baniquet,16.75,121.75
Dadap,16.5234,121.2256
Nagbitin,16.6034,121.1576
Dalena,17.4696,121.8387
Fuga Island,18.3141,121.6884
San Rafael,17.1055,121.6127
Bocale,18.2309,121.9156
Turod Sur,16.6702,121.4721
Minanga Norte,17.7604,121.7294
Minanga Norte,18.0952,121.6384
Buag,16.3844,121.1038
Caba,16.7737,121.1579
Nagcampegan,16.9638,121.7933
Cañogan Alto,17.3896,121.7827
Pilig Alto,17.3648,121.794
Agaman,17.991,121.9214
Lungaw,16.7552,120.8057
Matusalem,17.0673,121.5914
San Luis,16.9645,121.8278
Saui,17.4212,121.7253
Cuba,16.5853,120.595
Fugu,17.7383,121.4861
Fugu,17.65,121.6833
Fugu,18.0477,121.6306
Fugu,18.3833,121.5333
Fugu,18.3322,121.5277
Santa Rosa,17.7672,121.7226
San Miguel,17.8417,121.9192
Pilitan,17.2445,121.8271
Garit Sur,16.6543,121.6663
Gayamat,18.1667,120.7333
Laya West,17.4945,121.4578
Asuncion,18.1462,120.5646
Baculongan,16.8,120.8333
Masi,18.2329,121.9034
Masi,18.4626,121.3437
Dipuso,16.9408,122.0275
Tubungan Weste,18.0349,121.6779
Holy Friday,17.05,121.8333
Holy Friday,17.1781,121.6495
Macanaya,18.3447,121.6449
Neinitan,18.0584,120.579
Marobbob,17.8116,121.753
San Isidro,16.5855,121.7065
Aropong Camp Four,16.3117,120.6173
Macalaoat,16.9458,121.6575
Bantug,16.712,121.491
Bantug,17.1191,121.6145
Bantug,16.7381,121.7443
Bantug,16.802,121.5875
San Bernardo,17.4048,121.7515
Baggabag B,16.5059,121.1901
Daragutan East,16.9133,122.024
Pacis,18.25,120.6167
Pila,18.2233,120.5807
Humalaphap,16.9167,121.0667
Babanuang,17.0496,121.6269
Boliwong,16.8201,121.1188
Barayong,17.4673,121.8372
Babaran,16.6774,121.7201
Baraggutan,16.9217,122.0242
Santo Tomas,16.3706,120.5782
Banao,16.9723,120.8763
Bulo,18.2467,121.5523
San Moises,18.15,120.6333
Pangal,17.655,120.6754
Usol,16.5312,121.7554
Marasat Grande,16.8915,121.5799
Fugu-Ammugauan,17.4333,121.7667
Balara,17,121.8667
Bokiawan,16.9007,121.0416
Hacienda San Antonio,17.0667,121.95
Matoya,17,122.0333
Pihao,16.5299,120.6264
District Primero,16.9848,121.8278
San Pedro,18.1001,121.5647
Minante Segundo,16.9022,121.7619
Domolpot,16.5318,120.6361
Muñoz West,17.1602,121.6086
Colonia,18.3425,121.416
Pasñga,18.25,120.6167
Capsan,17.4022,121.8072
Pallao,17.6009,120.7547
Yapdue,16.4368,120.6305
Padangitan,17.6458,120.6521
Cabarvan,16.2977,121.6558
Dayun,17.8408,121.3292
Sinapangan,17.5957,120.6072
Harana,16.947,121.702
Nanaguan,17.1328,121.9406
Bagu,18.4397,121.4731
Bugallon,16.9456,121.8147
Villa Concepcion,17.162,121.6311
San Sebastian,16.7813,121.5726
Guibang,17.0556,121.8559
Saranay,17.9333,121.7667
Igid,18.0448,120.5703
Aruaay,18.1988,120.7276
Napayad,16.378,120.9651
Quimpal,17.5716,120.7461
Cabulalaon,18.2667,120.5833
Tamorong,18.1509,120.5884
Calaoagan Dackel,18.0348,121.735
Naglayaan,18.0653,120.7276
Baltao,18.1033,120.7526
Malvar,16.6905,121.5613
Afusing Norte,17.8607,121.63
Tayaoa,17.6826,120.6711
Osmena,16.5273,121.1774
Bannawag Norte,16.6157,121.5703
Olango,17.2015,121.6317
Malatog,17.1167,121.7
Amgaleyley,16.7165,120.8113
Culior,16.9625,121.8754
Tangid,18.1949,120.5692
Bagalay,17.6245,120.6926
Bayabu I,17.2445,121.844
Aggasian,17.1102,121.9287
Capitan,16.7,121.65
San Esteban,17.771,121.7378
Malabibit,18.2349,121.4496
Nabannagan West,18.0716,121.5363
Annafatan,17.8021,121.6627
Pakias,18.0925,120.7855
Sacritan,17.9212,120.5846
San Francisco,18.25,120.6
Siguiran,18.2167,121.6667
Siguiran,18.4529,121.4156
Barancuag,17.7165,121.4643
Accusilian,17.7479,121.4625
Paniqui,16.6291,121.2152
Betwag,16.5348,120.6138
Davila,18.4726,120.5763
Pidipid,17.6666,120.6628
Cañogan Abajo Sur,17.3936,121.7914
Atelan,16.6706,121.6238
Manokna,16.7144,120.8547
San Sutro,18.1169,120.6499
Binsang,18.2951,120.5946
Balioeg,17.9659,120.6944
Rizal,16.7235,121.556
Marana I,17.1578,121.9211
Asinga-Via,17.8772,121.8968
Bugnay,17.635,121.5353
Alinunu,18.4345,121.4543
Dontoc,16.5913,120.6001
Alannay,18.0611,121.5862
Upper Tucao,16.755,121.0711
Daragutan West,16.9101,122.0084
San Alberto,18.25,120.6333
Bauan,17.7226,121.6803
Bauan,17.8594,121.7051
Tili,16.5035,120.6303
Paddaya,18.3236,121.7387
Buenavista,16.3325,121.6824
Pussian,17.9326,121.694
Dilag,17.4743,121.4893
Bagunsanay,17.9084,120.5675
Ucab,17.4333,120.6833
Calaocan,16.6776,121.5529
Campanario,16.7189,121.7484
Lanas Sur,18.0474,120.7238
Lepanto,16.8675,120.7818
Santa Lina,18.3065,121.3845
Masla,17.0392,120.8243
San Rafael Alto,17.4019,121.7627
Caonayan,16.95,121.7667
Icot,16.5973,120.7048
Dibeet,16.25,121.65
Marco,18.1667,121.5667
Sagneb,18.2,120.5667
Minak,16.6709,120.8436
Cabaritan East,18.4178,121.4887
Ababeng,17.6701,120.6774
Dubaj,16.2826,121.0914
Bato,18.4632,122.1676
Pasil,16.5524,120.6116
Baluarte,16.6657,121.5536
Langbaban,17.462,120.6017
Nakawawan,16.8726,120.8278
Busilelao,16.6896,121.6894
Cakilingan,16.6539,121.4166
Ipil,16.6978,121.6404
Gongunot,17.685,120.681
Mompolia,16.854,121.0973
Bato,16.5772,120.852
Sinamar Sur,16.8351,121.5337
Ababut,18.1712,120.6888
Nargaay,18.2177,120.6537
Binguang,17.4589,121.7952
Patucannay Tayum,17.6019,120.64
Estrada,17.2632,121.5856
Cadaratan,18.2911,120.5979
Bangued,17.6,120.62
Amulung,17.8387,121.7235
Peñablanca,17.6258,121.7853
Lal-lo,18.2,121.6622
Cordon,16.67,121.45
Jones,16.5583,121.7
Angadanan,16.7571,121.7479
Buguias,16.8033,120.8211
Aritao,16.2973,121.0338
Binabano,17,121.9
Narien,16.4261,121.7918
Esperanza West,17.019,121.6789
Taboung,16.3,121.0333
Gabut,16.3047,121.0603
San Roque,18.3432,120.6137
San Roque,18.1741,120.6531
Bagutari,17.3848,121.7953
Salvacion,18.2647,121.3545
Banco,17.3843,121.7704
Alinguigan II,17.1239,121.9118
Batang,16.7012,121.4876
Bunag,16.7167,121.65
Burahit,16.6699,121.553
Taboc,18.1218,120.6346
Acops Place,16.4757,120.6326
Nattanzan,17.7472,121.7371
Lazo,18.25,120.6
Malasin,16.6344,121.2364
Malasin,16.3045,121.1062
Araiat,17.7241,121.6586
Pacso,16.6546,120.8216
Caggay,17.6358,121.7421
Illuro,17.8372,121.3947
Bunugan,17.9558,121.7579
Redondo,17.7266,121.7376
San Luis,16.6498,121.4018
San Luis,16.5434,121.1902
Capaltitan,16.6705,121.5286
Ruyu,17.6167,121.7333
Nangalisan,16.6271,121.209
Sarnap,18.0761,120.5643
Batacbac,16.7759,121.1281
Darapidap,16.3178,121.053
Maddarulug Sur,17.5916,121.6765
Pagbangkeruan,17.8856,121.6827
Kagubatan,16.9465,120.8255
Lantap,16.6273,121.2358
Gagabutan,16.9373,121.7978
Centro Dalena,17.4748,121.8497
Alibagu,17.1004,121.8592
Lollin,17.5762,121.7033
Disimpit,16.5532,121.7195
Camutog,17.0167,121.7
Lawig,16.6553,121.1781
Santa Luciana,16.8907,121.8154
Bugayon,18.1804,120.6588
Bito,17.4328,121.4877
Cabannungan Primero,17.1377,121.8517
Pacac-Pequeño,17.825,121.6643
Papan Este,16.5315,121.8025
Sorcoc,17.5705,120.659
Quibal,17.7159,121.8113
Ineangan,16.3181,121.093
Isit,16.8565,120.8107
Centro Norte,18.2772,121.6739
Centro Norte,17.8929,121.5703
Centro Norte,18.0703,121.6461
San Antonio,16.774,121.6974
San Antonio,17.0961,121.6151
San Antonio,16.7205,121.6999
San Antonio,16.9088,121.6194
San Antonio,17.2733,121.7912
San Antonio,16.866,121.7992
San Antonio,17.0208,121.9621
Mararigue,17.0022,121.6023
Dicawal,16.648,121.4225
Nabannagan East,18.0704,121.5463
Malinta,18.0907,121.6174
Mambabanga,16.9521,121.7108
Taytay,17.9111,121.8731
Acito,17.5896,120.6759
San Benigno,18.2833,120.5833
Loakan,16.3726,120.6128
Santa Asuncion,18.1649,120.5754
Maraburab,17.947,121.6446
Kanapawan,18.3285,121.5337
Sablan,16.4555,120.6427
Anipa,17.0667,121.85
Toon Sur,17.6418,120.6546
Binaratan,18.1702,120.6514
Caroan,18.2682,121.907
Pagala,17.5703,120.7106
Asuacan,17.3333,121.7833
Vira,18.2167,120.5841
Vira,18.1569,120.7242
Vira,18.143,120.5649
Cabaroan,17.6307,120.747
Bugasi,17.993,120.6873
Pinukpuk Junction,17.6153,121.4119
Budac,17.6139,120.6693
Dalit,17.3492,120.5676
Magdalena,16.9522,121.6655
Santa Rita,16.9949,121.6423
Lamo,16.3249,121.1042
Chicao,16.5124,120.6351
Quimmalaba,17.6464,120.7447
Maria Clara,16.6165,121.4885
Baya-an,17.6546,120.7163
Dinwedee East,16.9388,120.7452
Barung,17.7369,121.6556
Murong,16.8539,121.5478
Ambatuan,16.9727,122.0401
Tabug,16.6432,121.5265
San Andres,16.713,121.5547
Nagcorcoran,18.0792,120.574
Malalatan,17.8775,121.6327
Tandul,16.8869,121.64
Daldalayap,16.6356,121.3732
Cataliganan,18.0383,121.6001
Naubigan,16.8866,121.0588
Manayday,17.4728,120.6117
Surcoc,17.0131,121.905
Magoli,17.2802,121.9248
Mabuhay,16.7219,121.718
Baligat,18.0833,120.5667
Lurog,17.014,121.5765
San Juan,17.1311,121.7112
San Juan,16.7209,121.4851
San Juan,17.2939,121.7836
San Juan,16.6361,121.6666
San Juan,16.9937,121.6372
San Juan,16.8585,121.6838
San Juan,17.4134,121.7394
San Juan,17.4841,121.7242
San Juan,17.2099,121.8784
Punti,18.3962,122.1311
Cabanuangan,16.5518,121.7001
Cutug,17,121.7333
Camangaan,18.1847,120.6219
Palawan,16.7304,121.7353
Bugatay,17.6162,121.8133
Tubburan,18.25,120.6167
Patanad,16.7404,121.6564
Mabantad,16.9584,121.7858
Mozzozzin Sur,17.4568,121.7461
Doña Imelda,16.561,121.4911
Fugu Sur,17.3383,121.7791
Fugu Sur,16.7,121.65
Governor Rapids,16.3667,121.7333
Calanga,16.8869,121.0692
Laya,17.4726,121.4678
Macatabang,18.0701,121.6121
Bulbolala,17.6489,120.6657
Asilang,17.6555,121.5952
Bagong Sikat,16.8841,121.8928
Bagong Sikat,16.7983,121.618
Nuestra Señora de la Paz,18.2833,120.6167
Sidiran,18.0968,120.6839
Alilinu,18.2938,121.6638
Binabang,16.9949,121.8874
Bonifacio,16.7862,121.6022
Longa,16.7796,121.081
Naguirayan,17.5651,120.5747
Lagui,18.1993,120.6328
Bubug,17.4333,121.7667
Sampaloc,16.9568,121.6756
Calamagui Second,17.1343,121.87
Batuang,16.3883,120.6426
Panecien,16.9543,121.6187
Cagumitan,17.753,121.4699
Gundaway,16.5167,121.5226
Malamag East,17.3353,121.7921
Namamparan,16.6458,121.3561
Pelio,17.3614,121.7986
Bagnos,17.0071,121.6745
Bagnos,16.8074,121.6278
Nagsangalan,17.6339,120.738
Santa Cruz,18.3994,121.53
Santa Cruz,17.829,121.3316
Santa Cruz,18.338,122.0712
San Fabian,16.7129,121.6812
San Antonio,18.2869,121.4348
Baui,16.7486,121.7661
Kin-iway,17.0981,120.8608
Lutaan,16.5172,120.6319
Liwan,17.8093,121.4426
Bascaran,16.5367,121.2256
Malagnat,17.6309,121.3941
Pacallo,17.435,121.8236
Aquib,17.7969,121.4749
Matiokna,16.7492,120.8446
Luyao,16.9742,121.7339
Buyon,18.235,120.6178
Dipcet,16.295,121.6669
Silang,17.1246,121.8356
Turayong,16.9444,121.7794
Estrella,16.8764,121.5596
Quemoy,17.7449,121.7126
Batangan,18.2833,122.0044
Basao,18.0896,121.6776
U-Gab,16.3921,120.6585
Malaping,17.3091,121.8903
San Felipe,18.1123,120.6432
Upuplig,18.452,120.6162
Batu,17.5454,121.7417
Batu,17.855,121.3517
Nagtalobungan,17.5757,120.6005
Camunatan,17.136,121.8917
Bumabato,16.3272,121.6762
Barcelona,18.1099,120.7583
Tibtibing,17.5425,120.6435
Camambugan,16.6101,121.209
Tuccac,18.2667,121.3667
Paraiso,16.9488,121.6567
San Francisco,16.75,121.75
Ambasa,16.6445,121.1466
Lingaling,17.2807,121.8055
San Juan,16.5673,121.1598
Langgan,18.0435,121.7349
Nagrumbuan,16.8996,121.7097
Villarose,16.5229,121.5147
Banaba,16.8331,120.8287
Puttao,18.0491,120.757
Ganapi,17.2017,121.8652
Alimudong,17.6587,120.6598
Papadog,17.95,120.6333
Cunig,18.0319,121.6892
Sitio Hudi,17.2601,121.799
Lanteng,17.05,121.8333
Magsaysay,17.457,121.4603
Guinamagarua,16.4406,121.6392
San Jose,17.8927,121.8713
San Jose,18.209,121.6632
San Jose,17.55,121.7667
Cagutuñgan,17.4667,120.6
Banganan South,16.3046,121.0509
Magogod,17.8569,121.7543
Bintawan,16.5759,121.1876
Santa Teresa,17.7085,121.7468
Salay-Ot,17.4497,120.6496
Macusi,17.6333,121.8
Toon Norte,17.6505,120.6517
Cadilan,16.6351,121.5605
Kiskis,16.6027,120.72
Macatel,17.8831,121.8803
Mariit,18.0973,120.5738
Poitan,16.9039,121.0808
Badayan,16.7465,120.8558
Silauan Norte,16.7064,121.6807
Rang-ay,16.9236,121.6162
Nagsimbatian,18.0333,121.1833
Dilaping,16.324,121.2967
Nagacadan,16.7833,121.0833
San Mateo,17.2945,121.8047
Cagoran,17.65,121.7167
Cagoran,18.1932,121.6845
Cuay,16.6294,120.8326
Mallig,16.9956,122.0412
Palagao,16.5497,121.7157
Lalauanan,17.2433,121.8427
Quinawegan,18.2628,121.7965
Maxillay,17.3972,121.1805
Duminit,17.9333,121.7667
Santa Barbara,16.9205,122.0241
Gucab,16.7007,121.6802
Guyabal,17.9333,121.7667
Union,16.9627,121.817
Union,17.1208,121.7696
Alabiao,17.7461,121.481
Villa Luna,16.9511,121.8116
San Placido,17.1439,121.5957
Parparoroc,18.2299,120.675
Dilanis,18.3066,120.6345
Lallayug,17.7068,121.4417
Consular,16.7817,121.7567
Parut,18.2168,120.6387
Daan-lli,18.2332,121.5567
Aquiliquilao,17.75,121.7333
Bagumbayan,17.7227,121.4469
Bagumbayan,18.1939,121.663
Nagbacalan,16.8025,121.5752
Mererao,17.1333,121.8
Cato,17.7367,121.4481
Minanga,18.3525,121.6399
Minanga,18.2722,121.8883
Minanga,18.2821,121.9863
Minanga,18.3507,122.0827
Minanga,18.2731,121.7236
Minanga,18.4715,121.4163
Minanga,17.8336,121.4938
L. Adviento,18.0764,121.6499
Naguilian Norte,17.1687,121.8672
Simpatuyo,18.2549,121.8931
San Julian,17.4898,121.4856
Salvacion,16.81,121.6674
Nagcuartelan,16.2757,121.0215
Legleg,17.1367,120.6783
Cabittaogan,18.2833,121.8833
Dummun,18.0376,121.6448
Patpat,16.8658,120.7949
Sidiran,17.8849,121.5822
Calaoagan Bassit,18.0341,121.6849
Pat-tiao,17.5667,120.65
Lapogan,17.2075,121.8419
Jurisdiction,17.8814,121.6883
Jurisdiction,18.2342,121.6788
Rizal East,16.7346,121.6267
Sadang,16.7036,121.5113
Aggungan,18.2457,121.8137
Topside,16.4218,120.6344
Allinguigan First,17.1245,121.9303
Malasin,16.5262,121.5801
Ziminila,18.2651,121.7253
Minabang,17.186,121.938
Mingang,17.5667,120.5833
Camarao,17.45,121.4833
Bagbag,18.1277,120.7387
Bannuag,16.5691,121.5901
Santa Felicitas,17.9081,121.58
Alinguigan III,17.1224,121.9162
Antagan,17.4445,121.8158
Padong,18.0543,120.7543
Poistuan,16.555,120.6171
Cago,16.9275,121.6181
Aimbasin,17.0722,120.899
Palao,17.5628,120.6089
Velasco,17.5892,120.671
Marasat Pequeño,16.9082,121.6137
Naddungan,18.0656,121.7448
Lobo,16.2927,121.0038
Nalen,18.0846,120.6237
Babaculen,18.0783,120.6003
Calading,17.6605,120.7163
Baranio,18.25,120.6
Pawa,18.1289,120.6253
Kimmaligong,16.5698,121.5149
Disiluad,16.4512,121.6421
Linao,17.6568,121.7261
Linao,18.3714,121.6009
Songsong,17.0726,121.8546
Atayao,17.6237,121.6437
Capenikian,17.1626,121.5671
Balete,16.6322,121.3564
Balisi,17.7252,121.6921
Del Corpuz,16.9328,121.6335
Abiang,16.5728,120.7005
Don Pedro,16.548,121.5473
Cabal,17.2848,121.8507
Camarag,16.7345,121.6466
Tungcab,16.3646,121.7032
Banias,18.302,120.6235
Antamok,16.4046,120.6553
Battung,17.7226,121.4591
Larion Bajo,17.6261,121.7529
Liwayway,16.5828,121.5037
Santa Monica,18.1602,120.6206
San Gregorio,17.9833,120.685
Finugo Norte,18.0672,121.6111
Tagiporo,18.1476,120.6237
San Antonio,17.5606,120.6737
Escurdido,18.1145,120.5837
Villanueva,17.0649,121.6248
Santa Isabel Sur,17.1948,121.819
Dogong Laud,17.461,120.717
Nacagang,17.0392,120.9019
Domyoyan,16.8278,120.8141
Bannawag,16.941,121.589
Sagana,16.6529,121.566
Capacacan,17.9735,120.6967
Puyo,17.1635,121.9403
Sinto,16.8517,120.8591
Lungan,17.4434,120.7054
Pasiocan,18.2364,120.606
Cwiong,17.7013,120.7448
Lawog,18.0396,121.7413
Binalan,18.3275,121.5451
Mala Weste,18.2813,121.8505
Camp Seven,16.3864,120.6056
Rumang-ay,16.6642,121.6768
Mangcarmay,17.9515,120.6254
Mapitac,17.8433,121.4993
Cumu,16.7755,121.7577
Santo Tomas,18.3329,120.6007
Bila,16.8474,120.8448
Llaban,16.1283,120.5756
Silbung,18.2167,120.5667
Dagapan,17.4449,121.4538
Catedac,16.5831,120.739
San Julian,18.1333,120.7833
Kongkong,16.3307,121.2629
Biningan,18.05,120.5667
Baretbet,16.5772,121.2524
Masaya Sur,16.5002,121.7474
Cabasingan,17.0503,121.6599
Capatan,17.6165,121.7451
Sinippil,17.3346,121.7888
Sinippil,16.989,121.8031
Annafunan,17.6498,121.7208
Baggao,18.2821,121.672
Panay,18.2813,121.458
Alinam,16.855,121.7563
Angad,17.5849,120.6257
Takiki,18.0486,121.653
Progressive,18.2628,121.9923
Rugao,17.1976,121.8916
Silinan,17.3667,121.45
Gadu,17.6292,121.6105
Culing West,16.9385,121.6372
Manginum,17.2784,121.1437
Barangay Primero,16.559,121.7066
Ginabang,16.8981,121.0632
Balaoa,16.9874,120.8325
Maquebenga,16.1833,121.2333
Bantug Norte,16.5686,121.74
Duit,16.7522,121.0928
Wangal,16.4659,120.5639
Santo Domingo,16.4236,121.1073
Santa Ana,17.4713,121.7539
Natorosuan,17.15,121.5667
Nueva Era,16.934,121.6445
Nueva Era,17.0765,121.6182
Ocao-Capinan,16.2539,121.0323
Barrio,16.6412,120.8393
Capariaan,18.0384,120.6726
Batal,16.6945,121.5928
Rond Baquiran,16.57,121.5344
Villa,18.247,121.9184
Tamokmok,16.5551,120.7189
Bangaan,16.5448,121.1402
Patad,18.1611,120.6273
Casignan,16.197,121.2392
Culing East,16.9471,121.648
Homestead,16.3922,121.1086
Angancasilian,17.427,121.8106
Watwat,16.3245,121.2915
Tubo,17.0339,121.7944
Tubo,17.15,121.8833
Lullutan,17.1482,121.8629
Villaluz,16.9333,121.9543
Cabaruan,18.2667,120.6
Baresbes,18.0644,120.7391
Cutug,16.4833,121.15
Tangal,16.6814,121.4684
Amgayang,16.9828,120.7255
Santor,17.8886,121.8887
Lagben,17.6259,120.7257
Samonek,16.585,120.7363
Silap,16.5473,121.2083
Pacu,17.6734,121.6531
Labinab,16.931,121.7848
Alitongtong,17.6913,121.8557
Mariquet,18.1,120.7833
Cataggaman Viejo,17.5962,121.7066
Dumabato Norte,16.3377,121.6642
Dalipaso,18.3651,120.6237
Canan,16.9379,121.6927
Tombol,18.2754,121.8665
Boyboy,18.1444,120.7217
Sidar,18.0837,120.5915
Tuao South,16.5588,121.2453
Nagatutuan,18.0662,121.6663
Baringin Sur,16.9026,121.815
Carabatan Chica,16.9552,121.7742
Calumpit,18.0923,120.5896
Marana III,17.1402,121.9199
Pangal Turod,16.61,121.6544
Zamora,16.8182,121.7284
Divisoria,16.6979,121.6075
Bangag,17.7112,121.6973
Bangag,18.1259,121.6615
Nag-uma,17.9212,121.5971
Tue,16.9754,120.831
Malitao,16.6799,121.661
Macañao,16.992,121.7414
Bungug,16.7167,121.7167
Baliling,16.1895,120.9467
Pantoc,17.4667,120.6032
Dapiz,16.453,121.774
Villa Marcos,16.7609,121.5649
Cobang,16.85,120.8
Gurog,16.8167,121.1
Muggay,16.6206,121.4526
Tancul,17.1638,121.9206
Bugas,18.2716,120.6309
Paoad,16.4749,120.6338
Maura,18.3545,121.6498
Sili,16.9812,121.6416
Bayug,16.9895,121.8897
Sigsigay,18.0314,120.7627
Cassap Fuera,16.9284,121.8167
Lusuac,17.5452,120.6673
Fugu,17.1136,121.9154
Fugu,16.7243,121.6548
Fugu,16.5224,121.7241
Bacnor East,17.0345,121.7037
Amganad,16.8907,121.0706
Callao Caves,17.7082,121.8164
Murong Capaltitan,16.674,121.5651
Salat,16.574,120.59
Salat,16.6007,120.7403
Villa Capuchino,16.8916,121.8619
Lalafugan,18.1588,121.6204
Bulalacao,16.8358,120.8085
Castillo,16.7396,121.6935
Labunan,16.6128,121.171
Pait,18.2216,120.6393
Magalalag,17.5773,121.735
Paktan,16.9055,121.0752
Minanga Norte,17.4523,121.7853
Villa Marso,16.724,121.4672
Gawaan,16.8398,120.8336
Colabaoan,17.6706,120.7236
Aggunetan,18.0316,121.6156
Guinaoang,16.827,120.8202
Ambag,16.7821,121.0851
Ragan Almacen,17.3139,121.779
Macatel,18.3333,121.35
Uauang-Galicia,17.3804,121.7839
Santo Domingo,18.3467,120.6069
Disusuan,16.9804,122.0586
Mabingan,16.8793,120.8259
Sumadel,17.2926,121.1354
Bilina,18.2387,121.8084
Dongayap,16.5833,121.2667
Casilagan,16.7047,121.5354
Guiddam,18.3349,121.4662
San Leonardo,16.3578,121.0766
Cabulalaan,18.2779,120.5888
Plaridel,16.6843,121.537
Paruddun Sur,18.2966,121.6372
Bergonia,16.5721,121.1745
Naibo,18.2817,120.5753
Mabuttal East,18.3762,121.5147
Racat,18.4104,122.1344
Caralet,16.6545,121.5139
Baccuit,17.8618,121.7006
Pasnaan,16.8831,120.83
Bacareno,16.9498,121.8114
Punan,18.2551,121.7067
Sisim Abajo,17.2938,121.8494
San Roque,17.671,121.8059
Talete,16.9833,121.2333
Minanga Sur,17.7557,121.735
Minanga Sur,18.084,121.6349
Calanigan Norte,17.367,121.7438
San Isidro,18.3341,121.3778
Panasan,16.472,120.6902
Capac cuan,18.0422,120.6042
Nalimattan,16.9846,122.0305
Ugac Sur,17.6133,121.7158
Bugallon Norte,16.7877,121.5335
Magsaysay,18.1028,121.5437
Calioet,18.25,120.6167
Nassirucan,18.2898,121.5716
Sabtan,17.468,120.5856
Ambagsang,17.9833,120.6833
Nannarian,17.6805,121.8042
Nunuñgan,16.9,121.7167
Binacag,17.9833,120.65
Pequeño,16.9792,121.7903
Afunan Cabayu,18.2596,121.7167
Tunggui,17.3577,121.7745
Bulanao,17.417,121.4443
Kalao,17.35,121.4833
Matalao,17.8833,121.5667
Marung,16.95,121.7833
Tupang,17.9048,121.641
Baquiling,18.2865,121.5855
Villaflor,16.7548,121.658
Bungad,17.4382,121.7957
Cabuluan,17.847,121.6071
San Lorenzo,18.1492,121.6457
San Lorenzo,17.8098,121.7552
Batac,16.5924,120.7275
Ingud Sur,16.7964,121.7631
Mampella,16.8482,121.1154
Simayung,18.38,121.4187
Tuding,16.4108,120.6422
Mataas na Kahoy,16.8629,121.6485
Limbasin,17.0752,120.8976
Tucal,16.5663,121.2008
Villa Gamiao,16.8932,121.6202
Asban,17.557,120.649
Cadadanan,16.917,120.8422
Manaoag,17.1723,121.7647
Bacsil,17.5884,120.6251
Lubong,17.5753,120.6494
Pengile,17.6414,121.7381
Kimasen,16.6318,120.8399
Anonang,16.739,121.8288
Angang,17.679,121.4963
Adereg,16.6474,120.8491
Fomodoc,17.6333,120.6167
Milamilan,18.1519,120.6795
Aragao,18.2667,121.8833
Calamagui West,17.4866,121.764
Mudiit,17.6326,120.7199
Lusong,18.1833,120.6
Dangan,16.9941,121.7668
Labueg,16.5771,120.6152
Muñoz East,17.1575,121.6135
San Juan,17.4404,121.4513
Carpentero,17.2692,121.8101
Palutan,16.9674,121.9993
Tanza,17.6297,121.7362
Gomez,16.7359,121.6391
Casili,18.1565,121.5975
Casili,18.2743,121.7089
San Fernando,16.7847,121.7181
Placar,17.0333,121.8333
Afusing Bato,17.8481,121.6425
Gabinab,16.9323,121.8036
Lanna,17.5251,121.4392
Gappal,16.8365,121.8218
Capagaypayan,18.3429,121.3688
Anak,16.303,121.6731
Mamoc,17.4013,121.4814
Nuestra Señora de la Merced,18.2667,120.5833
Marannao,16.9673,122.0152
Nagapungan,18.2891,120.6372
Bua,16.402,120.6468
Bumitog,17.9491,120.6185
Casicallan Centro,18.0931,121.6563
Bakring Sur,17.8197,121.5952
Santa Veronica,18.2833,120.6333
San Isidro,17.591,121.7334
San Isidro,17.7733,121.712
San Isidro,17.9085,121.8703
San Isidro,18.2983,121.8092
Bulala Norte,18.3833,121.5683
Mallalatang Tunggui,17.0116,121.8041
Darayday,18.1764,120.5647
Gaddani,17.6234,120.6878
Bangtinon,16.836,121.0938
Callao,17.6892,121.8033
Callao,17.9333,121.75
Parug-parug,17.5789,121.5953
Bagunot,17.9392,121.7811
Dumayco,17.5652,120.6583
Dilavuan,16.2667,121.6667
Dibarabad,16.148,121.9395
Pata,17.05,121.8333
Tabayo,17.8833,121.65
Pula,16.7516,121.0911
Santa Victoria,17.1223,122.0079
Bagbago Sur,18.0768,120.7612
Ugac Norte,17.6167,121.7159
Bangawan,16.5627,120.7047
Sandiat West,17.071,121.6354
Pagian,16.5632,120.6952
Cundy,16.8094,121.1205
Villa Laida,17.7075,121.5022
Callusa,18.1608,120.7186
Quimlo-Ong,17.4868,120.71
Cabeseria Diecinueve,17.0401,121.9593
Buyacaoan,16.7167,120.8333
Dangdangla,17.5991,120.6319
Namilidan,18.4692,120.5775
Baygabor,17.8167,121.6
Wagud,17.5833,121.3667
Dumayop,16.565,121.2718
Lucban,17.05,121.8333
Lucban,17.1078,121.6727
Lucban,16.9977,121.9777
Nagsanga,18.3492,120.614
Cabanbanan Sur,18.2468,121.941
Baluarte,17.4333,121.7667
Padangaan,17.0853,120.8647
Baki,16.6399,121.2278
Shontog,16.6264,120.8419
Poblacion,17.093,120.855
Silet,17.7192,120.7458
Anguapan,17.2833,121.8
Babalag,17.5196,121.5802
Catuguing,18.15,120.6
Bagut,18.1332,120.7038
Bisagu,18.3286,121.6294
Pallua Norte,17.6275,121.7004
Catayauan,18.1607,121.6527
Catugan,18.1744,121.634
Santa Cruz,16.7703,121.7054
Santa Cruz,17.0172,121.5809
Santa Cruz,16.9856,121.9312
Palayag,17.811,121.6728
Calancuasan,16.2699,122.1097
Gugab,17.4097,121.7369
Balawarte,17.549,120.6667
Baracbac,17.1167,120.6833
Laang,17.6038,120.7334
Santo Cristo,18.0277,120.7581
Ricarte Sur,16.5663,121.488
Malampa,18.2667,120.65
Cautit,17.5337,120.5887
Sayatan,16.5084,120.6444
Binago,18.0478,121.6306
Cabaruan,17.8264,121.6447
Cabaruan,17.6691,121.6566
Camav,16.9343,120.7582
Marana II,17.142,121.9158
Cabuluan East,18.419,121.4966
Mabbayugan,17.7459,121.5021
Canagatan,18,121.8
Baguio City,16.4119,120.5933
Tuguegarao,17.6133,121.7303
Ilagan,17.1489,121.8894
Santiago,16.68,121.55
Calabayan,16.77,121.78
La Trinidad,16.46,120.59
Tabuk,17.4069,121.4425
Laoag,18.1978,120.5936
Gumarueng,17.7773,121.4547
San Manuel,17.8992,121.5797
San Marcos,16.8275,121.5427
Bayoyo,16.7736,120.8002
Uddiawan,16.5589,121.1512
Cabaritan,17.4888,121.4346
Nantatapian,17.8747,121.6598
Baquilao,17.9,121.65
Anao,17.4274,121.7736
Anao,17.1317,121.6414
Casalatan,16.8912,121.8627
Balatan,17.4948,121.374
Tanze,16.9817,121.6492
Nanabuan,18.3584,121.5053
Tagga,17.576,121.77
Labben,18.1973,121.5598
Manglad,16.3218,121.6911
Liwang,16.9094,121.0891
Basilio,17.05,121.8333
Basilio,17.1057,121.6575
San Pedro,17.9806,120.7115
Sitio Pantalan,17.3558,121.7757
Lusod,16.3345,121.6813
Gimunu,17.8998,121.7969
Tuguegarao,16.7088,121.6907
Kasibu,16.3181,121.2958
Gonzaga,18.2614,121.9969
Alcala,17.9031,121.6556
Lasam,18.07,121.6
Maddela,16.3411,121.6833
Dali Podan,16.7214,121.635
Bannagao,16.997,121.6954
Lubnac,18.2238,120.6653
Lanna,17.3234,121.8022
Cullalabo del Sur,17.1027,121.7039
Rancholaya,17.4906,121.4687
Tucanon,16.2819,121.0571
Sinipsip,16.7243,120.7835
Inga,17.5486,121.7668
Salindingan,17.15,121.8833
Pared,17.9,121.6833
Dabburab-II,16.8992,121.8178
Antipolo,16.7577,121.0882
San Ignacio,16.8973,121.5817
San Ignacio,17.2038,121.8628
Agawa,17.1076,120.8533
Lubong,18.2274,120.6335
Lubong,18.0162,120.6751
Luyon,18.3459,121.3758
Baculud,17.4576,121.798
Teja,17.6805,121.4522
Bantay,16.5662,121.7401
Anungu,17.821,121.4394
Singayan,17.9003,121.7601
Paranum,18.1718,121.675
San Juan East,17.3955,120.6038
Calupaan,16.8715,121.521
Balinguay,16.3876,120.6747
Aloang,18.0818,120.7549
Annanuman,17.4359,121.8217
Hulyaban,16.7707,121.0915
Cambabangan,17.845,121.3901
Cada Negrito,16.6033,121.5731
Barangcuag,16.7517,121.7082
Baulilio,17.4343,120.6992
Mabini,16.6977,121.5627
Veronica,18.0697,120.6027
Pindungan,16.7827,121.0961
Calog Sur,18.3627,121.4048
Santo Tomas,18.3472,121.6783
Calapangan,18.0044,121.5997
Dipangit,16.5635,121.6801
Bagnen,17.0321,120.8912
Andarayan Burgos,16.9872,121.906
Cauan,17.3878,121.818
Malucusod,17.3972,121.1615
Abariongan Ruar,17.9968,121.5975
Bansa,16.891,120.8962
Gaddanan,16.8759,121.6351
Taguntungang,17.9564,121.9314
Calamagui,17.6481,121.6873
Calamagui,17.8476,121.7206
Luec,18.2567,121.7328
Malaya,16.9823,120.7125
San Mateo,16.88,121.58
Roxas,17.12,121.62
Solano,16.5183,121.1811
Tuao,17.735,121.4553
Itogon,16.37,120.67
San Mariano,16.98,122.02
Gattaran,18.0611,121.6453
Ramon,16.78,121.53
Diffun,16.5936,121.5025
Bambang,16.3872,121.1075
Batac,18.0554,120.5649
Cabagan,17.43,121.77
Catuguran,18.3431,121.5532
Balinit,16.6407,120.8487
Naruangan,17.6704,121.513
Badia,18.3292,121.6836
Araposip,17.6847,120.6976
Maginang,16.3167,121.05
Guayabal,16.9224,121.8098
Nagtupacan,17.5742,120.7443
Landas,17.6146,120.6834
Isit,17.6519,120.6681
Ananaao,17.5996,120.6799
Caligayan,17.2594,121.9145
Annafunan,16.713,121.7224
Annafunan,17.2848,121.8052
Angrilla,17.1524,121.9234
Cabisuculan,18.2586,120.6566
Catugan Norte,18.1918,121.6205
Laya Plain,17.5064,121.4757
Magsaysay,16.5378,121.5636
Centro Sur,18.2732,121.6754
Centro Sur,17.8804,121.5686
Centro Sur,18.0594,121.6415
Anangul,18.1103,120.5759
Lingu,17.6374,121.6802
Gingad,17.6195,120.6716
Alabaan,18.036,120.6822
Santa Barbara,17.7599,121.4947
Afusing Sur,17.849,121.6226
Pattao,18.2469,121.8147
Liwan West,17.4987,121.5914
Cabatuan,16.3192,121.1348
Palagao Norte,18.0441,121.7187
Guinalrin,16.4582,121.6474
Daclan,16.4881,120.634
Manalo,17.8461,121.7547
Lucban,16.45,120.6
Ñgibab,18.2167,120.6
Lebeng,16.5665,120.8611
Balunquing,17,121.85
Quaal,18.3356,121.6517
Bayabo East,17.2585,121.8531
Iraga,17.7263,121.6663
Aguet Norte,17.6139,120.7337
Pateng,18.2583,121.9857
Bolinao-Culalabo,17.3965,121.7664
Ballais,17.6187,120.7343
Capo,17.1648,121.9044
San Manuel,18.2833,120.5833
San Manuel,18.1525,120.638
Naganacan,16.8704,121.7247
Poblacion,17.7344,121.4617
Taguing,17.9464,121.7552
Callao Norte,18.0682,121.6313
Buli,17.6821,120.6953
Jerusalem,17.5528,121.7031
Dungao,17.8333,121.65
Maugoguing,17.9333,121.7667
Daragutan,17,122.0333
Pedlisan,16.324,121.6648
Nangalisan,18.1895,120.5759
Cadaanan,17.6267,121.6419
Pias,17.6024,120.6687
San Miguel,16.3583,121.0925
Gabaoan,17.65,121.5316
Lubon,17.0256,120.8125
Pico,16.4454,120.5792
Pata,17.7152,121.5018
Santo Tomas,16.5575,121.607
Mamunit,18.25,121.9039
Pinocpoc,17.538,121.4392
Dagonsoy,16.6063,120.7346
Macasin,16.3169,121.1344
Cosili West,17.583,120.6434
Mudeng,17.6298,120.6192
Cullalabo del Norte,17.1059,121.6996
Napaliong,16.5354,121.8275
Atatiawa,17.5396,120.6422
Tanaru,17.5686,121.674
Ampulan,16.5231,120.6266
Del Pilar,16.9585,121.6624
Caggong,16.9333,121.7667
Caggong,16.9,121.5667
Cauayan,16.9367,121.773
Paco,16.8804,120.775
Cal-lering,16.9833,121.8333
Mangkel Leb,16.6412,121.21
Lalog Dos,16.9891,121.7168
Pugo,16.8958,121.0628
Ara,16.9723,121.9813
Habian,16.8035,121.103
Andarayan,16.9492,121.8113
Mangalo,16.3314,121.2553
Bical,17.085,121.6294
Alugug,17.412,121.8037
Manalpac,18.0915,120.7923
Malabago,16.6508,121.2074
Makindol,16.9696,121.9723
Deet,17.6176,120.6603
Lomobang,17.6667,120.7333
Callao Sur,18.0529,121.6272
Dalakip,16.7859,121.7381
Baracaoit,18.0508,121.7684
Coaoacan,18.2576,120.569
Marede,18.4577,122.1742
Catabban,17.0326,121.7401
Burnay,16.8298,121.1188
Maogoging,16.8668,121.7993
Pasagui,18.2089,120.6228
Kias,16.3672,120.6306
Caataban,18.2333,120.5667
Dadda,17.8617,121.7389
Datakan,16.5642,120.6188
Nagrumboan,17.9333,121.7667
Bagara,17.9833,120.7
Manarang,18.2741,120.6399
Cansan,17.394,121.8079
Kinablilan,17.2732,121.1343
Mabaina,16.5363,121.1549
Cordinian,18.2985,121.6614
Casili,18.22,120.573
Lingay,16.4928,121.1725
Salsalamagui,18.25,120.6667
Patul,16.6715,121.5318
Catarauan,17.8034,121.6169
Cadactigan,17.4501,120.7113
Sinippit,16.6371,121.5077
Gosi,17.59,121.7591
Daramuangan Norte,16.8971,121.6057
Talicbed,16.6279,120.842
Bulala,18.2612,121.6887
Sinsayon,16.6924,121.5255
Cali,17.2833,121.8
Barit,18.2375,120.5975
Buntun,17.6159,121.6932
Minare,17.3199,121.8131
Lo-o,16.7914,120.8319
Palasan,16.8275,120.8013
Baday,16.6472,121.505
Santa Maria,18.2115,120.5732
Afusing Centro,17.8526,121.6269
Isidro Paredes,16.611,121.5121
Gabbu,17.6149,121.7987
Villador,17.0037,121.8062
Bannawag,16.6011,121.5709
Rangay,16.4555,121.7715
Napitang,16.903,121.0616
Libertad,18.3431,121.415
Sipay,17.1303,121.9244
Nungnungan Segundo,16.8854,121.7577
Bengcag,18.1667,120.5833
Cayabes,16.5897,120.5918
Gumbauan,16.7305,121.6584
Apanay,16.7637,121.6983
Salay,16.7073,121.7191
Salay,16.7679,121.7646
Santa Cruz,16.5958,121.225
San Felipe,17.1238,121.8887
Bockiaman,16.9167,121.0667
Abulan,16.5575,121.7335
Wesca,17.3742,121.8373
Bangao,16.8211,120.8404
Bangao,16.6567,120.8388
Baniket,16.763,121.7138
Calinaoan Sur,17.3342,121.7524
Addalam,16.5287,121.6786
Calsit,18.2042,120.623
Talimpago,16.32,121.2926
Rizal West,16.734,121.6222
Baug,17.6833,120.7333
Badian,16.5672,120.6947
Cabayu,18.0855,121.6715
Taligan,18.0581,121.6856
Santa Ana,18.0423,120.7577
Buenavista,16.6999,121.5497
Cañogan Abajo Norte,17.3975,121.7922
Sacsuquen,18.1648,120.7
Tuluttuging,18.2555,121.706
Parang,18.276,120.6036
Parang,18.1407,120.6688
Suyo,18.2469,121.8894
Lactawan,16.5504,121.1896
Mangandingay,16.5168,121.548
San Jose Sur,17.1957,121.5899
Tamsen,17.3947,121.8125
Yeban Sur,17.0036,121.9396
Toidan,16.6799,120.8567
Camp John Hay,16.3973,120.6163
Colayanan,17.6023,121.4139
Talogtog,17.6295,120.7378
Langa,17.3333,121.7833
Culling,17.9333,121.7667
Auitan,17.4735,121.788
Bani,18.2701,120.611
Eroded,17.338,121.7804
Bacsil,18.1201,120.6716
Bacsil,18.1972,120.655
Camp Three,16.2882,120.5919
Urzadan,17.1333,120.6667
Tubo,16.8531,120.7952
Malaylay,17.6372,120.708
Cabeseria Catorce y Dieciséis,17.1126,121.977
Abatan,16.8012,120.8209
Calaoagan,18.0428,121.7233
Simimbaan,17.1186,121.5814
Barong,18.0576,120.734
Ricarte,16.5226,121.528
Sto Niño,16.2994,121.6739
Layus,16.75,121.75
Balliac,16.8969,122.0493
Aggugaddan,17.703,121.8069
Carig,17.6593,121.7436
Baba,16.5601,121.1872
Lowal,16.2739,122.1271
Santa Isabel,18.225,121.8207
Diarao,16.5718,121.7222
Paninaan,18.2873,120.6269
Cassap,17.9333,121.7667
Masaya Norte,16.5143,121.7484
Ducaur,16.4614,120.6243
Cebu,16.7519,121.5961
Cabaruan,17.5343,121.4593
Villasis,16.6906,121.5515
Negnegdigan,18.2404,120.9869
Lignaoan,18.1827,120.7199
Capasan,18.0845,120.6835
Salucong,17.0262,121.7412
Roxas,16.5231,121.1883
Villahemosa Norte,16.3597,121.6842
Tuboc,16.7764,121.7744
Nattahbatan,17.7155,121.8832
Bascan,16.5327,121.2213
Balauini,17.789,121.667
Bimmanga,18.1512,120.7178
Bangho,16.5013,120.6326
Nicolas Agatep,18.0807,121.6077
Centro East,16.6903,121.5493
Calamagui North,17.4917,121.7699
Saludares,18.0724,120.6864
Tagaran,16.9679,121.7706
Olo,17.4649,120.5863
San Vicente,16.5687,121.7116
San Vicente,17.323,121.8243
San Vicente,17.4012,121.7816
Turod Norte,16.6764,121.4736
Nabbacayan,18.05,121.6333
Natbaoan,18.3543,120.6075
Fusina,18.2433,121.7052
Siblong,17.5499,120.7153
Alimanao,17.6416,121.7652
Cadian,16.5438,120.7012
Tacdian,16.4627,120.625
Macugay,17.0063,121.7038
Ducait,16.3667,121.0833
Cabeseria Veintitrés,17.0819,121.9745
Santa Rosa,17.5859,120.608
Dilap,18.3654,120.6176
Lapogan,18.0041,121.6086
Namoroc,18.2153,120.7079
Lupa,16.2869,121.2873
Gumatdang,16.3948,120.6404
Nabbuan,16.6663,121.5785
Calayan,18.2614,122.0062
Alno,16.4846,120.5961
Suyo,18.2142,120.5662
Suyo,18.1376,120.6787
Achotar,16.9598,121.2114
Dibaraybay,16.138,121.9427
Tabboli,18.2833,121.8667
Pagong,16.8283,121.0926
Aropong,16.3667,120.6
Talaib,16.5167,120.6
Quillat,17.5833,120.5667
Nueva Era,17.9333,121.7667
Wacal,16.5302,121.1431
Lupa,17.7167,120.7333
Pedol,16.6092,121.1628
La Union,16.8858,121.9125
Tallag,17.4283,121.7216
Anao,16.8394,121.097
Capason,18.1232,120.6734
Linomot,16.5442,121.8056
Wayyia,17.5869,120.6881
Bayagan,16.4591,120.5786
Furao,17.0347,121.7969
Colos,16.8667,120.7833
Abbey Sur,17.8305,121.6111
Junction,16.3667,121.1
Bagay,17.6334,121.7084
Catalina,16.9483,121.7956
Santa Filomina,16.9784,121.9881
Toon,17.6667,120.6833
Bangsiril,18.2689,120.6018
Lattu,17.4667,121.7833
Garit Norte,16.6606,121.658
Tabiog,17.5637,120.7452
Longbao,17.5853,120.7522
Sagpatan,18.1552,120.663
Manga,17.4333,121.7833
Palawig,18.4694,122.1449
Csubusoban,18.0506,120.707
Balugan,17.0604,120.894
Bangag,17.1677,121.8979
Ankeling,17.0476,120.8979
San Rafael,18.3,120.65
Dalenat,16.734,121.7165
Mission,18.2513,121.9325
Bagabag,17.1167,121.9333
Bagabag,17.3703,121.7453
Bulbul,16.7167,120.8333
Liagan,17.0068,120.9275
Pudi,16.3007,121.2978
Bical,18.243,121.7302
Sandiat Centro,17.0729,121.6375
Cattaran,17.7038,121.72
Cutog Pequeño,16.9803,121.7631
Calapangan Sur,18.0178,121.6006
Santo Domingo,16.7123,121.6974
Santo Domingo,17.16,121.7518
Dumabato Sur,16.3383,121.6592
Dichai,18.2333,120.5833
Antagan Uno,17.2754,121.878
Bukig,18.3095,121.6182
San Ambrocio,16.796,121.7335
Palloc,18.3882,121.5544
Simpa,17.0167,121.9
Laoag,16.4225,121.7382
Barangay,18.097,121.634
Malamsit,17.547,120.6668
Mallalatang Grande,17.0123,121.801
San Pablo,16.9359,121.8145
San Pablo,16.8072,121.6521
San Pablo,16.9602,121.9988
San Pablo,16.9902,121.6346
Bulangon,18.2167,120.6
Salamague,17.7397,121.7342
Nabanig,17.109,120.8726
Ragas,18.0033,120.7057
Soyosoyan,16.8768,120.824
Villa Pagaduan,16.5094,121.639
Fugu Abajo,17.351,121.7739
Bangbagar,17.5692,120.6417
Dodan,18.3449,121.6588
Dodan,17.6411,121.7945
Dodan,18.3336,121.7098
Guising Norte,18.0309,121.6348
Calion,18.2878,120.5814
Dugayung,17.8635,121.6826
Dugayung,17.7903,121.4515
Birac,16.3594,120.6591
Villa Cardenas,16.5375,121.563
San Francisco,16.2289,121.0625
Dubinan East,16.6916,121.5364
Lurad,16.5216,121.1923
Casibarag Sur,17.433,121.7573
Minallo,16.9868,121.8539
Kisang,16.925,121.048
Narbaan,18.4474,120.5907
Dibuluan,16.5191,121.7647
Pidducal,17.7023,120.7022
Marabulig Segundo,16.9228,121.7158
Mangitayag,18.1401,120.6953
Allacapan,18.227,121.5556
Abulug,18.4441,121.4576
Ballesteros,18.4108,121.5169
Pinukpuk,17.5731,121.3653
San Manuel,17.02,121.63
Naguilian,17.02,121.85
Cabarroguis,16.5103,121.5222
Bacarra,18.2519,120.6107
Vintar,18.2306,120.6489
Dupax Del Norte,16.3075,121.1019
Mallig,17.2086,121.6106
Buguey,18.2882,121.8331
Bauko,16.9917,120.8644
Paracelis,17.1811,121.4036
Aglipay,16.4889,121.5874
Gamu,17.05,121.83
Iguig,17.7517,121.7364
Ragan Sur,17.32,121.78
Benito Soliven,16.98,121.95
Pasuquin,18.3342,120.6183
Santo Niño,17.8861,121.5691
Reina Mercedes Viejo,16.9872,121.8272
Reina Mercedes,16.9872,121.8272
Sumadel,17.0403,120.8345
Abagao,18.2427,121.7356
Culao,18.0204,120.7261
Manga,17.7012,121.8605
Madaina,16.5534,121.1764
Manaois,17.7148,120.7029
Uja,16.9166,121.0447
Pataya,17.6312,121.5906
San Pablo,18.1297,120.5956
Dugo,18.2531,121.6872
Ugad,17.437,121.7748
Pinopoc,17.9137,121.6979
Taping,17.583,120.7759
Lipcan,17.5796,120.6231
Malumin,17.6819,121.4851
Cumao,18.0453,121.7631
Kong Kong,16.3388,121.2448
Seis,18.3559,120.603
Uldugan,16.4239,121.7356
Doublon,17.9141,121.7357
Alapang,16.4667,120.5833
Saguel,18.2458,120.5911
Villa Beltran,16.8216,121.5499
Centro - San Antonio,17.0902,121.9617
Caribue,17.6332,120.6342
Mungo,17.7241,121.471
Binag,18.1892,121.7011
Guerrero,18.088,120.7072
Ngarag,17.4242,121.7818
Bakring Norte,17.8252,121.5988
Villa Coloma,16.6211,121.2439
Cabaritan,18.2896,121.8274
Lalog Uno,16.9893,121.7185
Cataguing,16.975,122.0126
Monte Alegre,17.8308,121.765
Pawa,17.5821,120.7466
Cabruan,18.2637,120.5861
Bagong Tanza,16.9827,121.6111
Burgos,16.8246,121.7331
Burgos,16.9752,121.907
Burgos,16.807,121.5281
Alibadabad,17,122.0333
Lamuco,17.4524,121.7361
Tagaytay,17.6788,120.7201
Domang,16.2862,121.085
Colonia Number Two,18.3333,121.4333
Ueg,16.8689,122.0258
Pungto,18.2913,120.6074
Santor-Tungui,16.9833,121.8333
Nuevo,16.9516,121.7996
Ulab,18.1713,120.7067
Nagobongan,17.6963,120.7326
Maffanga,17.4025,121.4708
Nagbabacalan Norte,18.2552,121.9481
Madiladig,18.2328,120.5722
Bungcag,18.1216,120.6892
Mayag,16.9667,120.8333
Sinapal,16.5185,121.2164
Duripes,18.25,120.6167
Bodo,16.7415,120.8551
Aggassian,17.15,121.8833
Baluno,16.9167,121.65
Attalimauan,17.4833,121.4876
Polloc,16.5265,121.1956
Ignacio Jurado,18.052,121.6106
Uauang-Tuliao,17.3794,121.7713
Labon,17.5457,120.718
Fusi,17.25,121.8
Sarabay,17.75,121.4667
Wawang,18.3373,121.5275
Tallungan,16.9941,121.8117
Calaba,17.6178,120.6162
Allangigan,18.0336,120.5743
San Jose,18.0261,120.7516
San Jose,18.1445,120.6579
San Jose,17.9874,120.6967
Barbor,18.261,120.5762
Kiapas,16.5794,120.5979
Malapeat,16.9716,121.9675
Binalian,16.391,120.9657
Marimel,17.5028,121.7835
Pulangi,18.2704,120.6247
Lower Tucao,16.7512,121.0722
Santa Visitacion,17.2748,121.7997
Makati,16.412,121.1226
San Antonio,18.1356,120.6323
San Antonio,17.9904,120.7114
San Antonio,18.2667,120.5833
Malapat,16.69,121.5036
Paragu,17.2557,121.819
Larion Alto,17.6308,121.7606
Banaao,16.8126,121.1206
Mangalinan,17.9096,121.8778
Rancho Bassit,16.7508,121.7529
Buena Suerte,16.9273,121.7914
Almaguer North,16.3497,121.0926
Alloy,16.3167,121.3
Saranay,16.6324,121.2285
Ta-aw,16.6444,120.9316
Macate,16.5263,121.453
Antiporda,18.2475,121.7787
Bayninan,16.9166,121.0779
Abas River,17.5381,120.7332
La Paz,16.9108,121.6682
Tabueng,16.2729,121.0553
Dagupan,16.8728,121.5776
Dagupan,16.7718,121.6655
Palacian,16.4501,121.6248
San Carlos,16.9925,121.9399
San Carlos,16.679,121.7213
Kantnog,16.2833,120.6167
Rosario,16.6817,121.5474
Fusian,17.9205,121.7464
Ballay,16.6735,120.8502
Maluno Sur,16.9988,121.9643
Sinamar Norte,16.8439,121.5459
Lisseb,16.921,120.8763
Purok ni Bulan,16.8112,121.5628
Cawacan,16.6576,121.4385
Balug,17.2578,121.8368
Guldiguid,18.15,120.7333
Kayang,17.5021,120.7023
Sagsagud,17.5544,120.6662
Masical,17.8251,121.6429
Masical,17.9174,121.7443
Tabbac,18.2311,121.7984
Villafuerte,16.8407,121.5749
Raraboran,18.1778,120.5904
Bella Luz,16.8625,121.5471
Duripis,18.2832,120.6066
Tamucu,17.8833,121.5667
Alimosgan,17.6833,120.7333
Luna,17.1183,121.6222
La Paz,16.5793,121.5711
Calaccab,16.7263,121.7279
Carusipan,18.2933,120.6084
Antonino,16.7785,121.7001
Battalan,18.0604,121.5674
Aurdra,16.7879,121.6854
Abian,16.4298,121.1306
Purok,16.9665,121.7254
Maluyo,18.1829,121.5741
Villa Rina,16.6331,121.2458
Lublubba,17.6445,120.7293
Hacienda Viola,17.0353,121.7486
Sao-Atan,17.5738,120.6202
San Pedro,16.3527,121.7051
Akmi,16.7296,120.8062
Esperanza,16.75,121.75
Culing Centro,16.9423,121.6439
Payac,16.5816,121.6791
Basi,17.6693,121.6929
San Cristobal,18.152,120.6686
Bineng,16.5,120.5667
Indiana,16.3332,121.0773
Talogtog,17.65,121.7
Balasig,17.3736,121.8194
Salinungan Proper,16.8691,121.6145
Anablan,16.2833,120.9667
Mananig,17.5833,121.3667
Faustino,16.8861,121.7867
Bahyan,16.5167,120.6167
Capuseran,16.9861,121.9318
Inguo,16.8167,121.75
Atayan,16.8759,120.8284
Guminga,17.4681,121.7875
Afusing Daga,17.8566,121.6278
Tibbaong,17.6697,120.6599
Santor,16.5903,121.243
Dingras,18.1036,120.6975
Cabatuan,16.9589,121.6692
San Nicolas,18.175,120.595
Bagabag,16.6044,121.2521
Mankayan,16.8567,120.7933
Enrile,17.5622,121.7011
Aurora,16.9918,121.6357
Santa Ana,18.4589,122.1419
Sadol,16.5976,120.5958
Pidig,17.0659,120.893
Punta,18.3579,121.6352
Punta,17.8284,121.6152
Bantaoay,17.4368,120.7034
Imelda,18.2783,121.4253
Dukligan,16.8243,121.1329
Bulbulala,17.6473,120.6584
Talog,18.3164,121.6019
Pussuak,16.5755,121.5336
Presentar,17.5902,120.741
Mesa,18.0606,121.575
San Miguel,16.9691,121.7276
Diduyon,16.314,121.6574
Magassi,17.367,121.817
Pagatanan,18.1835,121.3424
Masipi West,17.3793,121.8386
Foz,18.0871,120.7226
Carabatan Punta,16.9547,121.7965
Balagbag,16.5376,121.5359
Abbag,16.2708,121.6576
Sinabbaran,16.7287,121.7054
Inanama,16.7817,121.5891
Mabanguc,18.2869,121.6477
Nambebac,16.3033,121.1247
Gabot,16.3248,121.0665
Balangui,18.1236,120.5789
Besang,16.651,120.82
Cabeseria Cuatro,17.0897,121.9568
Nagat,18.3533,120.6136
Caraniogan,17.0752,121.6647
Libertad,16.66,121.6365
Dagupan,18.211,121.5546
Dagupan,17.7004,121.5045
Pallagao,17.9838,121.9337
Camp Holmes,16.4672,120.6028
Angapat,16.5363,120.61
Allangigan,16.7411,121.7133
Capiddigan,16.5843,121.2481
Centro West,18.4142,121.5054
Centro West,18.2245,121.5538
Cacaluan,18.3563,121.6149
Biga,16.9333,121.6667
Biga,17.3998,121.7376
Quirino,17.0282,121.8297
Quirino,16.6691,121.4576
Bangoc,18.3,121.6667
Casambalangan,18.3765,122.1275
Lanting,17.1116,121.6468
Dalig Cristiano,17.0167,121.7
Guidiguid,18.1667,120.7167
Don Inocencio Ramos,16.6191,121.4836
San Marcos,18.1599,120.5778
Cabeseria Dos,17.0485,121.9631
Mabisbis,18.1833,120.65
Kolato,16.8908,120.7794
Daoidao,17.6703,120.725
Guingab,17.3778,121.8404
Acacia,17.0949,121.6564
Nanatuan,17.1958,121.8964
Fugaru,16.794,121.7652
Pandayocan,18.2333,120.6167
Padul,17.6397,121.5911
Caralucud,17.4757,121.7972
Silawan,16.7132,121.682
Royoroy,18.076,120.5897
Bustamante,16.9294,121.7247
Balsain,16.291,121.0837
Tucalana,18.1789,121.6591
Balittua,17.7167,121.4833
Ngabangab,18.3052,120.6105
Lagangilag,17.617,120.6847
Amobocan,16.8401,121.8081
Dinapugan,16.7723,121.0994
San Manuel,16.699,121.5163
Lingsad,17.5627,120.6362
Alipoon,17.4679,120.7096
Biga,18.0868,120.5987
Lumog,16.7915,120.8114
Darasdas,18.114,120.764
Labinab Grande,16.9878,121.8137
Calapian,17.9031,121.7897
Villa Cruz,16.8501,121.6045
Atulayan,17.6373,121.7194
Badap,17.8833,121.9128
Pacac,17.6646,120.7214
Ocop,17.3562,120.5777
Arusip,17.117,121.8489
Napaccu Grande,16.9862,121.7907
San Ramon,16.9648,121.5884
Cababaan,18.3604,120.602
Cababaan,18.15,120.6667
Lingelin,17.187,121.8385
Compania,17.2696,121.8077
Divisoria,17.003,121.9888
Divisoria,17.2224,121.8711
Divisoria,17.0362,121.7275
Beti,16.2833,121.0333
Actangao,17.5712,120.6294
Villa Gamiz,16.5155,121.5666
Barabay,18.15,120.6167
Canayun,18.4004,121.4262
Maguirig,17.6758,121.6515
Nagbrebacan,18.1561,120.6346
Balabalat,18.3048,122.037
Rizal,18.2681,121.369
Bantug Petines,16.8017,121.6089
Tabanganay,16.6254,121.2433
Baculud,17.8636,121.7168
Cawagayan,17.5479,121.4375
Dipias,18.2194,120.6605
Tepang,18.274,120.6177
Ragan Norte,17.3232,121.7743
Bagumbayan,16.2845,121.0924
Cotcot,16.8329,120.8437
Casuco,17.7286,121.5164
Guimba,17.6796,120.7322
Balatoc,16.3653,120.6657
Fermeldy,17.3585,121.785
Besdang,16.5741,120.6925
Daliman,16.7467,120.8074
Rañgayan,17.0333,121.8333
Paradise,18.2643,121.9934
Purarig,18.2381,120.599
Namnama,16.9148,121.6452
Namnama,17.2923,121.8692
Bonfal,16.5058,121.174
Bunicaucau,16.5091,120.6297
Corral,16.5,120.5833
Santa Cecilia,18.1512,120.6181
Bana-ao,17.5222,120.7089
Dammang West,16.6868,121.6708
Cagew,16.6618,120.8298
Duminit,16.9257,121.8067
Lanas,18.0679,120.7173
Capurictan,18.1255,120.7258
Camp Eighty Eight,16.7667,120.8
Linglingay,16.7991,121.6991
San Andres,16.1257,120.5799
Gambin,18.0944,120.7818
Cataggaman Nuevo,17.6015,121.7104
Cabaruan,16.9466,121.7718
Cabaruan,17.1181,121.7371
Cabaoan,17.6336,121.5365
Rizal,16.5449,121.5637
Sabangan,17.6762,120.7339
Sabañgan,17.5776,120.7559
Paliueg,17.0462,121.9777
Victory Sur,16.6837,121.5461
Calantac,17.909,121.7228
San Roque,17.3888,121.7767
San Roque,17.3383,121.7543
San Roque,17.0429,121.757
Santa Rosa,18.1271,120.628
Santa Rosa,18.2667,120.6167
Concepcion,17.8054,121.7229
Nambalan,17.845,121.3677
Liwanag,17.2363,121.8605
Nagbukel,16.7689,121.6376
Banigued,16.5397,121.5623
Maddarulug Norte,17.6073,121.6767
Antiquity,17.7515,121.7347
Villa Magat,16.8597,121.564
Paleg,16.1626,121.9492
Lumbad,18.0974,120.7227
Mangartungut,16.5725,121.6722
Dowag,16.8205,120.824
Klacat,16.5478,121.142
Masaya Centro,16.5087,121.747
Villa Luz,17.3167,121.7707
Santo Tomas,16.7896,121.6475
Carabatan Grande,16.9574,121.7956
Cullalabo San Antonio,17.0968,121.7065
Malacabbibi,17.7349,121.6841
Bagbago Norte,18.0898,120.7424
Baracbac,16.1581,120.9302
San Jose,16.75,121.75
San Jose,17.4715,121.7922
San Jose,17.15,121.6
San Jose,16.9921,121.6337
San Jose,16.5422,121.7101
San Jose,17.1073,121.6563
Tanganoan,18.2,120.6833
Dassun,17.7452,121.7114
Bekes,16.7873,120.8162
Sumabsab,17.7046,120.7028
Vira,17.1333,121.6
Gagabutan,17.9333,121.7667
Calutit,18.2333,120.6167
Namakalan,17.1039,121.6131
Nagmarcaan,18.0702,120.7485
Bocos,16.9265,121.0573
Apaleng,18.0725,120.5933
Apaleng,18.2738,120.6129
Angadanan Viejo,16.7833,121.7
Arua-ay,18.1489,120.7186
Upi,17.0826,121.8345
Magalsin,16.5306,121.5807
Agliam,17.0834,121.6629
Comon,16.29,121.0372
Dagdag,17.079,120.8998
Marcelo Hilario del Pilar,16.8481,121.7483
Bugnay,16.5085,121.2092
Ma Paro,16.8983,121.5764
Calumbaya,17.6329,120.7118
Bacong,16.627,120.846
Casibarag,17.4342,121.7556
Tubungan,18.0665,121.5422
Guinatang,17.1416,121.883
Lakambini,17.711,121.5367
Santa Una,18.306,121.3845
Bangay,18.0703,120.7007
Pengue,17.6429,121.7368
Pipias,18.2787,120.5796
La Torre,16.4997,121.14
Dadaeman,18.3026,120.6159
Centro,18.4673,121.3459
Centro,18.4417,121.4565
Allaguia,17.5833,121.3667
Kirang,16.2869,121.0194
Luzon,16.9596,121.6934
Demang,17.0695,120.8967
Flourishing,18.2571,121.9956
San Isidro,18.1147,120.64
Tapel,18.2891,122.0292
Sanja,18.3126,121.6383
Gomonot,17.5527,120.6517
Flores,16.9583,121.8593
Mabuttal West,18.3781,121.5111
Quirina,16.5134,121.1871
Ibulao,16.7854,121.1177
Anneng,16.4885,120.5872
Minanga Sur,17.4495,121.7843
Toking,16.731,120.8274
Tagung,18.2667,121.6833
Bitabian,16.9459,122.0173
Lanao,17.0819,120.9771
San Juan,18.1172,120.7441
Balakuit,16.5951,121.1671
San Juan,16.9884,120.7214
Cabayo,17.8833,121.5667
Magsaysay,16.7768,121.6926
Magsaysay,17.021,121.837
Magsaysay,16.9412,121.6535
Sillawit,16.8732,121.7592
Alipasapas,17.5833,120.7167
Calapangan Norte,18.0222,121.6095
Carad,18.2902,120.631
Ankalasag,16.9644,122.0565
Naguilian Sur,17.1601,121.87
Camanga,17.9119,120.5744
Dabubu Grande,16.4446,121.7815
Ganagan,18.254,120.5845
Dubinan West,16.6886,121.5381
Dacal-Lafugu,18.27,121.6783
Sail,18.1943,120.6364
Busilak,16.4775,121.1241
Biculod,17.0667,121.8333
San Jose Este,17.1864,121.6133
Daligan,16.5406,121.7346
Ballacong,17.1147,121.9578
Lusang,17.8483,121.3754
Dogong Daya,17.4641,120.722
Papan,16.4275,121.7368
Santelmo,18.3667,121.6333
Betwagan,17.0833,120.9667
Union Kalinga,16.9866,121.7108
Mozzozzin North,17.4582,121.7461
San Patricio,17.3376,121.7607
Baculod,17.1674,121.8697
Baculod,16.864,121.8662
Malasin,16.6303,121.5646
Mapurao,18.1666,121.5055
Awa,16.8372,121.1031
Biga,18.2912,121.679
San Rodrigo,17.2121,121.9219
Layugan,17.5036,120.7063
Centro West,16.6896,121.5442
Banay,17.5547,120.5956
Tallungan,18.3362,121.6488
Nagpanaoan,17.6333,120.6333
Sandiat East,17.0751,121.6397
Mansibang,17.0082,121.8138
Bilo,17.0059,120.8781
Camarunggayan,16.9752,121.6497
Puyopoy,18.3,120.65
Mandaloque,18.1212,120.7023
Pual,16.5542,120.7005
Baguingay,16.746,121.0886
Canangan,16.75,121.75
Divisoria,17.5227,121.7742
Andarayan,17.6867,121.719
Bantay,17.0481,120.8349
Casicallan Norte,18.0991,121.6634
Santa Rosa,16.9889,121.6381
Alaludig,17.4961,120.7002
Baldias,18.0763,120.6835
Baldias,18.25,120.5833
San Esteban,18.1272,120.7201
Aguitap,18.1189,120.7705
Taguipuro,18.15,120.6167
Magtapat,17.5673,121.3649
Peanonet,17.8405,121.3609
Saking,17.6894,120.6838
Angoluan,16.7176,121.6626
Centro,16.954,121.672
Centro,17.2833,121.8
Centro,17.4496,121.7943
Carulay,16.7153,121.7108
Kalusutan,16.7489,121.7702
Baay,18.1188,120.5753
Dugayong,16.7093,121.7215
Mana-adad,16.3103,121.6714
Nabaccayan,18.0504,121.7413
Alabug,17.7326,121.4677
Carolotan,16.2529,121.128
Cadalman,18.3438,120.6333
Cabbo,17.6086,121.8051
Malibago,16.7309,121.674
Punit,17.0045,121.9218
Malallabo,17.679,121.651
San Juan West,17.3959,120.5995
Luttuad,16.5766,121.5326
San Isidro,16.6405,121.5108
Napetkaw,16.8371,120.8381
San Francisco,17.2833,121.8
San Francisco,17.0605,121.6066
San Francisco,16.8926,121.7986
San Francisco,16.8467,121.705
San Francisco,17.3528,121.7844
Canan,17.661,120.6689
Lattauan,16.5506,121.1764
Rebecca,18.2442,121.9559
District Segundo,16.9845,121.8244
Abian-Abian Junction,16.4143,121.122
Vigan,17.6388,121.3877
Patina Norte,17.8865,121.9228
Tungel,17.8865,121.8739
Naglicuan,18.31,120.5972
Parada,18.4662,122.1569
Buttong,18.1852,120.5768
Balongabong,16.659,120.8455
Santo Niño,16.4702,121.7847
Santo Niño,17.2375,121.8412
Santo Niño,16.7721,121.7729
Carabatan Bacareno,16.9522,121.7988
Zamora,16.5059,121.5225
Malabbaga,17.6965,120.702
Dilad,16.4648,120.6313
San Lorenzo,18.1323,120.6305
Babec,16.9821,120.7066
Lannig,17.6277,121.6284
Nagbayogan,18.3769,120.6018
Alam,18.2785,121.4253
Balintocatoc,16.6324,121.5612
Payas,18.0264,120.5772
Assantu,17.2861,121.8503
Bangac,17.1667,121.8833
Tokukan,16.7288,120.8624
Budad,16.5333,121.2
Solana,17.6522,121.6914
Echague,16.7056,121.6761
Baggao,17.9347,121.7733
Alicia,16.7787,121.6972
Tumauini,17.27,121.8
Aparri,18.3575,121.6372
Bayombong,16.48,121.15
Bugallon Proper,16.7795,121.5349
Malamag West,17.3408,121.7911
Batayan,17.0549,120.8352
Calamagui,17.4438,121.7804
Tuao,16.5883,121.2578
Mala Este,18.2792,121.8603
Loakan,16.4074,120.6749
Agulusuanan,17.4945,121.47
Cabardan,17.6485,120.7492
Lemu,17.5356,121.7705
Villa Domingo,16.8347,121.796
Uha,16.9152,121.0383
Quezon,16.697,121.6295
Bunnay,17.0577,121.6977
Catotoran,18.3033,121.6583
Nanuccauan,17.8109,121.6143
Naguilian,17.65,121.6833
Villa Pascua,16.6125,121.5452
Marcos,17.1678,121.5937
Niug Sur,17.8603,121.5628
Palattao,17.0067,121.8302
Madypayas,18.134,120.6963
Banquero,17.023,121.7783
Quidaoen,17.7255,120.7277
Ammugauan,17.4104,121.7683
San Antonio,18.3582,121.6405
Nabaguiwan,16.6307,120.9098
Bolinao,16.9889,121.6584
Libtong,18.2653,120.6124
Taringsing,16.6819,121.4838
Furagui,17.6266,121.5792
Nungnungan Primero,16.8822,121.74
Parongobong,18.0392,120.5673
Newagac,18.0398,121.6957
Mabasa,16.321,121.1262
Gubano,16.8333,120.8167
Rusu,16.5331,121.2367
Samoyao,16.5674,120.7081
Pakiling,17.5162,120.7073
Pongayen,16.5481,120.592
Pari-ir,18.1085,120.6368
Santa Lucia,16.6406,121.2531
Taccon,17.0402,120.9093
Gaggabutan,17.8581,121.3748
Capalngan,18.1833,120.5667
Ramos East,16.6965,121.6248
Santa Monica,16.6782,121.6228
Camasi,17.628,121.7774
Turod,17.6208,120.664
Panicien,17.0167,121.7
Ating,16.5992,120.7363
Garita,17.4078,121.7977
Malaki,17.6356,120.7583
Masin,17.9179,121.6694
Tungui,17.2833,121.8
Bagutong,18.2353,121.4377
Macray,17.6027,120.6263
Liscol,18.15,120.6667
Poblacion Dos,17.4685,121.7507
Lapga,17.5503,120.6604
Cullit Sur,18.2057,121.7697
Villa Salud,17.6496,121.6134
Santa Catalina,18.2667,120.5833
Rang-ayan,17.1796,121.5793
Rang-ayan,17.1166,121.6287
Concepcion,16.5399,121.2114
Salvacion,16.5686,121.5903
Cubag,17.4196,121.7861
Dakoid,16.2671,122.1143
Adoyunan,16.5758,120.7332
Pabil,16.7721,121.5776
San Antonio,16.3503,121.1092
Lasedeco Numero Dos,17.0922,121.6147
Ipil,17.7436,121.7136
Ipil,18.3131,122.0439
Santo Domingo,17.7463,121.5019
Casicallan Sur,18.0768,121.6509
Banawag,16.5584,121.5647
Gang-ngo,18.2436,121.684
Anquiray,17.8287,121.7267
Maxingal,18.2149,121.6682
Tabuk,17.4084,121.2785
Dabburab Punta,16.9333,121.7667
Mapuroc,16.8974,121.5767
Sinadipan,16.2833,121.6833
Toledo,18.0692,120.5817
Dalupa,17.4,121.1667
Canzan,17.4333,121.7667
Balintaugan,16.9833,120.8667
Caribquib,18.009,120.6713
Riang,17.564,120.6469
Baringin Norte,16.9123,121.8106
Diriqui,18.4653,120.5796
Bessang,18.1914,121.5671
Tubung,17.2924,121.8066
Careb,16.5993,121.2131
Mabatobato,16.6485,121.1962
Cadenglaan,18.2667,120.6
Sayangan,16.8377,120.8243
Inaldo,16.4956,121.1774
Catabayungan,17.4359,121.7627
Allauan,16.2995,121.0762
Compra,16.6072,121.1836
Malekkeg,18.3147,121.4433
Santa Rita,18.1833,120.6333
Balhalayang,18.1212,120.5855
Soysoyan,16.664,120.8309
Villa Hermosa Sur,16.3524,121.6818
Gulac,16.8,121.5167
Placido,16.6003,121.459
Toran,18.3138,121.6556
Sagaboan,18.1535,120.6734
Pandayan,16.9381,120.8363
Macarcarmay,17.5666,120.6738
Blacar,17.002,121.924
Gusaran,16.6486,120.8332
Samac,18.15,120.5667
Rioeng,18.178,120.6217
Guioeng,16.7052,120.8329
Bayo,17.6899,121.7427
San Bonifacio,17.043,121.7744
Lomboy,16.7716,121.7181
Gaddang,18.3424,121.6522
Talatal,18.2833,120.6167
Nanungaran,17.8099,121.4431
Dalaguisen,17.5794,120.7399
Cappa Ibanag,17.2167,121.55
Villa Flores,16.1677,120.9517
Battuguit,17.9031,121.8615
Doña Dory Dandan,16.5914,121.4975
San Rafael West,17.4667,121.75
Lucban,18.3364,121.4308
Baliling,16.9833,120.7167
Alibago,17.575,121.7433
Tayak,18.4537,121.4059
Dumang,16.391,121.121
San Vicente,17.7717,121.7168
San Vicente,17.93,121.7806
San Vicente,18.1906,121.6633
Ibung,16.6094,121.1861
Aquinit,18.0615,120.7474
Tanad,16.9015,121.1661
Zinundungan,18.0699,121.5515
San Felipe,16.4333,121.1
Pusnac,17.9543,120.6302
Carabbatan Nuevo,16.9333,121.7667
Magaloyao,17.9408,121.7785
Sugnay,16.6584,121.374
Bil-Loca,18.0875,120.5687
Camasi,17.2833,121.8
San Bernabe,16.3777,121.7252
Induyong,17.5629,120.5895
San Miguel,18.25,120.6
Buclao Manoc,17,121.6
Tabio,16.85,120.8
Tabio,16.5009,120.6718
Guinsadan,16.9642,120.868
Santa Margarita,17.9677,121.931
Cabannungan Second,17.1249,121.8506
Nattapian,17.6754,121.703
Calog Norte,18.3636,121.3853
Campo,17.8027,121.5572
Campo,17.6219,121.6232
Paruddun Norte,18.328,121.6296
Old San Mariano,16.9938,121.9996
Ubuag,16.9167,121.0667
Leron,18.283,121.8457
Ambito,17.05,121.8333
Tabtabagan,17.9968,120.6764
Bangbangcag,17.5713,120.7381
San Fermin,16.9365,121.7583
Hollywood,16.3244,121.1243
Payeo,17.0895,120.859
Paruddun,18.3167,121.65
Dibua,18.2409,120.5759
Malasin,16.8751,121.5952
Malasin,17.0024,121.6729
Malasin,17.0515,121.6987
Gulac,16.6264,121.5351
Doro,18.2618,120.5701
Buenavista,17.9333,121.7667
Cabeseria Diecisiete y Veintiuno,17.0763,121.9674
Liang,17.0608,120.8152
Pata,16.6687,121.5772
Balagao,17.7475,121.4506
Parabba,17.6486,121.797
Baybayog,17.8944,121.6895
Locot,16.5966,120.7459
Agusi,18.2854,121.6695
Tumog,18.3213,121.3808
Pudao,17.6393,120.7051
San Juan,18.2398,121.7242
Pagappo,18.3379,121.4585
Padungan,18.0463,120.7507
Montealegre,17.898,121.7849
Burgos,16.4585,121.5118
Malannao,16.8038,121.7806
Oscariz,16.8245,121.5243
Dag-Ao,16.5884,120.6083
Badas,17.6809,120.7442
Corocor,18.2724,120.5969
Centro East,18.4054,121.5192
Centro East,18.2261,121.559
Calaocan,16.7854,121.6923
Calaocan,16.9267,121.6367
Cabali,16.8667,120.8
Bemben,17.663,120.6517
Batu Ferry,16.43,121.1071
Antatet-Kalinga,16.9833,121.7333
Tabuyo,16.5,120.65
Malanao,18.1935,121.6321
Vocal,18.3746,120.6078
Baua,18.3496,122.0913
Tungngod,16.8003,121.1365
Nagsayangan,17.6035,120.7501
Gabut,17.8607,121.6667
Paling,16.95,120.8333
Patagueleg,17.6536,121.7932
Pagappo,17.4252,121.8109
San Vicente,17.6223,120.7029
Lutak,16.7167,120.8333
San Nicolas,17.2543,121.8029
Busel,18.0581,120.5916
Teppang,18.2333,120.6167
Soyung,16.7001,121.6655
Mallanga,17.2961,121.1353
Caponga,16.4831,120.6418
Victoria,16.8581,121.6115
Victoria,16.7553,121.6959
Victoria,16.9892,121.6672
Victoria,16.718,121.6359
Victoria,17.2006,121.609
Ramos West,16.6984,121.6136
Naggasican,16.6733,121.6025
Bagoyos,16.9311,120.7618
Lubub,16.8325,121.8203
Calamagui First,17.1385,121.8667
Cabeseria Nueve y Once,17.061,121.9684
Dadap,16.9569,121.7341
Mantan,17.3825,121.479
Baayan,16.5466,120.6407
San Andres,18.1777,120.6562
Bulu,17.3333,121.7667
Mangarip,17.6885,120.6669
Dumpao,17.741,121.7411
Apiat,16.9523,121.6088
Adiao,16.9062,122.0206
Baculod,17.9098,121.6699
Medina,18.0784,120.7059
Caloocan,16.3907,121.107
Buluan,17.7537,121.4428
Bugnay,18.1165,120.5978
Baoa,18.0765,120.5997
Comillas Norte,16.959,120.7469
Laya East,17.4912,121.4697
Bolo,18.1561,120.6207
Dibul,16.6215,121.5485
Cabeseria Cinco,17.0876,121.9628
Nabaculan,16.9739,121.8945
Lugo,16.8831,121.0674
Consuelo,16.1833,120.95
Bantogo,17.6046,120.7386
Cabusiigan,18.2846,120.6165
Lacmaan,17.1047,120.8737
Aniog,16.7496,121.7265
Mabbayad,16.6778,121.733
Pingaping,17.7333,120.7167
Palca,17.6849,121.497
Santa Maria,18.2849,121.8393
Santa Maria,18.1414,121.6647
Santa Maria,18.3458,122.0965
Santa Maria,18.0308,121.6292
Pongayan,16.5476,120.6041
Dalig,17.037,121.7179
Manaring,17.1729,121.9025
Virac,16.3653,120.6519
Palaus,17.4596,120.6007
Oya,17.6136,121.3872
Daramuangan Sur,16.8881,121.5959
Coayan,18.0623,120.5832
Balbalay Culao,18.0081,120.7311
Callao,16.792,121.6751
Fuyo,17.1331,121.9245
Sinalang,17.5649,120.614
Caritan Sur,17.6212,121.7265
Bungon,18.1032,120.5809
Amistad,16.862,121.6657
Bangot,16.3786,121.1115
Dilpoc,18.3582,120.6225
Imbiao,17.1867,121.7482
Bacaloa,17.9146,121.7179
Babayugan,18.2492,120.573
San Pedro,17.2824,121.8085
San Pedro,16.8869,121.9126
San Pedro,17.2,121.8833
San Pedro,17.1652,121.6214
San Pedro,16.9544,122.0226
San Pedro,16.8222,121.6374
Culalabat,16.9236,121.799
Dares,17.94,121.8853
Minante Primero,16.9102,121.7608
Salinungan West,16.8668,121.6135
Salong,18.077,121.9214
Pias Sur,17.5978,120.6668
Cabeseria Siete,17.0549,121.974
Carabatan,16.9514,121.7964
Gravelinas,17.5435,120.6483
Drub,16.506,121.5904
Pugi-it,17.5367,120.64
Cabanbanan Norte,18.2557,121.9478
Esbeng,16.2833,120.6333
Malabbac,17.7246,121.7392
Alicaocao,16.9498,121.7739
Bolbolo,17.3729,120.6019
Lingay,16.7833,121.0833
Balili,16.8665,120.8185
Ro-ot,18.0811,120.6894
Lico,17.9478,120.6366
Villamor,16.4713,121.5093
Gangauan,17.8399,121.7476
Takian,16.4647,120.5997
Maggok,16.7796,121.0888
Bananao,17.4,121.1833
Sinili,16.6409,121.5286
Sinamar,17.1653,121.566
Sinamar,16.9,121.5667
Rizaluna,16.8397,121.7431
Rizaluna,17.0079,121.6643
Caperperiwan,16.6659,121.4542
Atulu,17.7183,121.739
Santa Catalina,17.2982,121.7926
Maridi,17.0458,121.9777
Gayong,16.6521,121.4839
Damurog,17.8779,121.659
Marauiraui,16.8615,121.8697
Tapaya,16.6224,121.2869
Cannuangan,16.5183,121.5257
Palasie,16.93,121.7867
Cudog,16.8174,121.1016
Gaset,18.0591,120.6788
Calimaturod,16.6399,121.4851
San Vincente,17.972,121.6138
Dabubu Pequeño,16.4475,121.7776
Aurora,16.7805,121.6787
Saranay,16.9589,121.6707
Pattaoig,17.6696,120.7253
Lamut,16.3653,121.0999
Macatal,16.9672,121.6062
Topdac,16.5553,120.7116
Bone North,16.2619,121.0113
Calabayan-Minanga,16.75,121.75
Runruno,16.4927,121.2902
Cancandong,17.4667,120.7
Pandan,18.086,120.6236
Baligatan,17.1286,121.8648
Villa Gonzaga,16.6554,121.5138
Tinib,16.2735,122.1015
Sagsag,17.5985,121.3742
Guitao,16.4061,121.1255
Santiago,18.0995,120.7406
Caritan Norte,17.6268,121.7238
Balbalan,17.4436,121.2008
Calanasan,18.255,121.0436
Pidigan,17.57,120.59
Nueva Era,17.92,120.67
Manabo,17.43,120.7
Dolores,17.65,120.71
Sagada,17.0842,120.9008
San Juan,17.68,120.73
Pasil,17.3894,121.1597
Natonin,17.1089,121.2797
Pilar,17.42,120.6
Hingyon,16.8522,121.0989
Sabangan,17.0044,120.9233
Lubuagan,17.35,121.18
Quirino,17.1383,120.6764
Hunduan,16.83,121
Tanudan,17.2814,121.2303
Malibabag,17.6974,121.8046
Kayan,16.9864,120.8084
