sample_id,latitude,longitude,ndvi,priority,assigned,assigned_drone,assigned_base
1375,16.48747114848619,121.16846285135188,0.3298969072164948,2,True,LAB-001,Labbi Camp
1376,16.487130220628043,121.1708074408459,0.3793774319066147,2,True,LAB-002,Labbi Camp
1377,16.48715640483814,121.17380416886692,0.3327264451524807,2,True,LAB-003,Labbi Camp
1378,16.472320547058015,121.1822779580109,0.3821628608358466,2,True,LAB-004,Labbi Camp
1379,16.471888276667325,121.1845295551522,0.3,2,True,LAB-005,Labbi Camp
1381,16.46243938139759,121.17862432387668,0.3450106157112526,2,True,LAB-006,Labbi Camp
1382,16.459018748332838,121.16976027730662,0.3577386468952734,2,True,LAB-007,Labbi Camp
1383,16.45891181576347,121.24167933385552,0.3996364580628408,2,True,LAB-008,Labbi Camp
1384,17.38537572371854,122.24721693949988,0.3895114298520842,2,True,CON-001,Concong
1385,18.60217092909375,121.17778593555155,0.389750822755054,2,True,UPA-001,Upas
1386,16.591562611301615,121.13749459227807,0.3427331887201735,2,True,LAB-009,Labbi Camp
1387,16.59125314049233,121.14330724190955,0.357862461673237,2,True,LAB-010,Labbi Camp
1388,16.589190104461327,121.14501370709822,0.3096153846153846,2,True,LAB-011,Labbi Camp
1389,16.58606377148017,121.13895305860945,0.3904646952323476,2,True,LAB-012,Labbi Camp
1390,16.589839266010312,121.14688156035773,0.3978805394990366,2,True,LAB-013,Labbi Camp
1391,16.581394806443505,121.14227744477634,0.3894179894179894,2,True,LAB-014,Labbi Camp
1392,16.614801700098408,121.15966879360217,0.3702127659574468,2,True,LAB-015,Labbi Camp
1393,16.50116270593818,121.13293006034084,0.3431414971873647,2,True,LAB-016,Labbi Camp
1394,16.494679474760325,121.15584477700114,0.3507625272331154,2,True,LAB-017,Labbi Camp
1395,16.487705266366437,121.1642461543997,0.3881520778072502,2,True,LAB-018,Labbi Camp
1396,16.48637296117555,121.16688104823852,0.384,2,True,LAB-019,Labbi Camp
1398,16.475806438633775,121.15724093185092,0.391812865497076,2,True,LAB-020,Labbi Camp
1399,16.488240650356907,121.17379399976396,0.3755610972568579,2,True,LAB-021,Labbi Camp
1400,17.713891466995438,121.88044390170847,0.3146788990825688,2,True,CON-002,Concong
1401,17.718880776779862,121.89974428250794,0.3693651168279443,2,True,CON-003,Concong
1402,17.715721432223503,121.88439303715931,0.3783389995143273,2,True,CON-004,Concong
1403,17.712460119800745,121.8990290645298,0.3536543124350537,2,True,CON-005,Concong
1404,17.706941596078973,121.89802549917424,0.3896854269206077,2,True,CON-006,Concong
1405,17.69750080629161,121.87469969728129,0.3849765258215962,2,True,CON-007,Concong
1406,17.6916109834687,121.87200213097032,0.386640663091175,2,True,CON-008,Concong
1407,17.7039571949134,121.89766654787812,0.38468720821662,2,True,CON-009,Concong
1408,17.70209101938638,121.90333538297678,0.3955773955773956,2,True,CON-010,Concong
1410,17.69114187543768,121.88482774017798,0.355187969924812,2,True,CON-011,Concong
1411,17.692965335101185,121.88764505366429,0.3761996161228407,2,True,CON-012,Concong
1412,17.693190716859338,121.89556367621717,0.3936567164179104,2,True,CON-013,Concong
1413,17.683343640211437,121.88025611066632,0.3454980556386479,2,True,CON-014,Concong
1414,17.68315645447924,121.87912590662056,0.3728423475258918,2,True,CON-015,Concong
1415,17.680179734637008,121.89611456925644,0.3574544521426738,2,True,CON-016,Concong
1416,17.67593751188451,121.89708323311449,0.3997682502896871,2,True,CON-017,Concong
1417,17.675405832673967,121.89897200959548,0.3714849531327084,2,True,CON-018,Concong
1418,17.674149047221253,121.90048807737868,0.363914373088685,2,True,CON-019,Concong
1419,17.71990806253191,121.90567892232748,0.3914160884091493,2,True,CON-020,Concong
1420,17.718144584813054,121.91361076438822,0.3230423800168397,2,True,CON-021,Concong
1421,17.70815964181171,121.90575016540232,0.3971134020618557,2,True,CON-022,Concong
1422,17.707987815940047,121.90735420414332,0.3614567526555386,2,True,CON-023,Concong
1423,17.70337252086755,121.9062506366048,0.3841349156777014,2,True,CON-024,Concong
1424,17.702216534740323,121.90965211338062,0.3708133971291866,2,True,CON-025,Concong
1426,17.687733332233623,121.90549676712766,0.3876589731512011,2,True,CON-026,Concong
1427,17.64203767218437,121.87947475149308,0.3307593307593308,2,True,CON-027,Concong
1429,18.548832874424036,121.118963376017,0.3398294762484775,2,True,UPA-002,Upas
1430,16.71321263655021,120.96783205454942,0.3895847066578773,2,True,LAB-022,Labbi Camp
1431,16.69286202493068,120.93823647146884,0.3861386138613861,2,True,LAB-023,Labbi Camp
1432,16.566830973739002,121.88804404811182,0.3820792342462111,2,True,VIL-001,Villa Remedios
1433,16.562194417512025,121.88300993648296,0.357396449704142,2,True,VIL-002,Villa Remedios
1434,16.55993335903197,121.8827418182284,0.3573742172316994,2,True,VIL-003,Villa Remedios
1435,16.603536171773897,121.924109560932,0.343172053054362,2,True,VIL-004,Villa Remedios
1436,16.60076716585812,121.91306406394712,0.3381020505484025,2,True,VIL-005,Villa Remedios
1437,16.59546682140227,121.91928028942304,0.3687927609799161,2,True,VIL-006,Villa Remedios
1438,16.51929482931823,121.88925335141106,0.3869565217391304,2,True,VIL-007,Villa Remedios
1439,18.549064877445353,121.20780870640031,0.3433208489388265,2,True,UPA-003,Upas
1440,18.551552464160803,121.21289783430215,0.365684575389948,2,True,UPA-004,Upas
1441,18.5487179112239,121.20932788350214,0.3835779452598175,2,True,UPA-005,Upas
1442,18.548428923035132,121.20743645488751,0.3796033994334277,2,True,UPA-006,Upas
1443,18.54871701277765,121.20923317058032,0.3327974276527331,2,True,UPA-007,Upas
1445,18.559479496443025,121.22958229458632,0.3794117647058823,2,True,UPA-008,Upas
1446,18.555902985965947,121.18595040717912,0.3589128697042366,2,True,UPA-009,Upas
1447,18.51647613018974,121.19157523309345,0.3973294839408156,2,True,UPA-010,Upas
1448,18.548716114283945,121.20913845766393,0.3520686963309914,2,True,UPA-011,Upas
1449,18.507756070115843,121.1218748220178,0.37119341563786,2,True,UPA-012,Upas
1450,18.519296081238817,121.18415858810708,0.3504531722054381,2,True,UPA-013,Upas
1451,18.55188688727641,121.21005262965548,0.3553481694185211,2,True,UPA-014,Upas
1452,18.560501215770145,121.22294068960043,0.3584905660377358,2,True,UPA-015,Upas
1453,18.548428023653702,121.20734174222336,0.3246753246753247,2,True,UPA-016,Upas
1454,18.550206497310757,121.24274986387928,0.334472447671935,2,True,UPA-017,Upas
1455,18.50192111460556,121.11654099256934,0.3984,2,True,UPA-018,Upas
1456,18.498223132398948,121.11714957923414,0.3269443420567637,2,True,UPA-019,Upas
1457,18.548628472776496,121.20942353832068,0.3755809040980143,2,True,UPA-020,Upas
1458,18.582209800969363,121.12305002891216,0.3677960181627663,2,True,UPA-021,Upas
1459,16.12148940836204,121.86970846548532,0.3177737881508079,2,True,VIL-008,Villa Remedios
1462,17.63831202117015,121.87591602179266,0.3592233009708738,2,True,CON-028,Concong
1463,17.639827452181347,121.88816013445924,0.3820033955857385,2,True,CON-029,Concong
1464,17.577553245329728,121.87129808332554,0.3975741239892183,2,True,CON-030,Concong
1465,17.708819897899183,121.87858948721797,0.395268320830929,2,True,CON-031,Concong
1466,17.72046613275631,121.8923791970622,0.3971698113207547,2,True,CON-032,Concong
1467,17.72184454092793,121.89642567071678,0.3934226552984166,2,True,CON-033,Concong
1468,17.715988261983025,121.88363700698837,0.3088531187122736,2,True,CON-034,Concong
1469,17.701921455640445,121.8733520946684,0.3993174061433447,2,True,CON-035,Concong
1470,17.696958036645402,121.87460879118758,0.3572143285971583,2,True,CON-036,Concong
1471,17.687725542945227,121.87212066509674,0.3843098311817279,2,True,CON-037,Concong
1472,17.700888663966957,121.88241032935582,0.3591888466413181,2,True,CON-038,Concong
1474,17.68943548818494,121.88672394465016,0.3243949155493644,2,True,CON-039,Concong
1475,17.680328017825605,121.8744295043648,0.3855038983540283,2,True,CON-040,Concong
1476,17.682466155851316,121.8848812653728,0.3673469387755102,2,True,CON-041,Concong
1477,17.68015270398422,121.89130650093858,0.3200190204469805,2,True,CON-042,Concong
1478,17.683963199749986,121.89392300367456,0.3032202290901232,2,True,CON-043,Concong
1479,17.678012380912246,121.89641063364633,0.3905236907730673,2,True,CON-044,Concong
1480,17.680381071098665,121.89979023340015,0.3374824332463361,2,True,CON-045,Concong
1481,17.66714067049459,121.89166906507477,0.3912824389014865,2,True,CON-046,Concong
1482,17.720553266876177,121.90793822086265,0.3953488372093023,2,True,CON-047,Concong
1483,17.722798288969667,121.92169270684158,0.3435062733129874,2,True,CON-048,Concong
1484,17.708526904804213,121.9067851756262,0.3524804177545692,2,True,CON-049,Concong
1486,17.697598631047594,121.90807708576672,0.3898626243486499,2,True,CON-050,Concong
1488,16.596458597317323,121.918806075602,0.3564102564102564,2,True,VIL-009,Villa Remedios
1489,16.458750958586442,121.17013735645278,0.3852008456659619,2,True,LAB-024,Labbi Camp
1490,16.45757717614912,121.17024200757378,0.383092155369383,2,True,LAB-025,Labbi Camp
1491,16.45962699766883,121.17733959202756,0.3279286582894203,2,True,LAB-026,Labbi Camp
1492,16.582490695168172,121.30231277036782,0.3797984130388162,2,True,LAB-027,Labbi Camp
1493,16.45988362144792,121.13463663015295,0.3736913973600364,2,True,LAB-028,Labbi Camp
1495,16.46579714098451,121.18027858054536,0.3906040268456376,2,True,LAB-029,Labbi Camp
1496,16.465704345507838,121.17999851019238,0.3962264150943396,2,True,LAB-030,Labbi Camp
1497,16.455260656504638,121.13299534232628,0.3639686684073107,2,True,LAB-031,Labbi Camp
1498,16.457576358374055,121.1701483741342,0.3427404381730412,2,True,LAB-032,Labbi Camp
1499,16.45358203198524,121.1577318584268,0.3787323205866946,2,True,LAB-033,Labbi Camp
1500,18.49555538022804,121.11234960463412,0.3428345209817894,2,True,UPA-022,Upas
1501,18.581456344345327,121.11093201202353,0.307381193124368,2,True,UPA-023,Upas
1502,18.491670141423437,121.11229748815975,0.3459653707938582,2,True,UPA-024,Upas
1503,18.61759173196873,121.11081756491006,0.3137697516930022,2,True,UPA-025,Upas
1504,18.486020377301685,121.10743583522824,0.3640985529917872,2,True,UPA-026,Upas
1505,18.496267647267995,121.11130021794608,0.3583431027745213,2,True,UPA-027,Upas
1506,18.485217794495355,121.10848616048408,0.388672719412019,2,True,UPA-028,Upas
1507,18.612515769664373,121.15465013446128,0.3723633232888506,2,True,UPA-029,Upas
1508,18.5814043564375,121.12381674284455,0.3517786561264822,2,True,UPA-030,Upas
1509,18.616754887020573,121.14474963392392,0.3851015801354401,2,True,UPA-031,Upas
1510,18.612601457964132,121.15417543357718,0.3839285714285714,2,True,UPA-032,Upas
1511,18.612065031118608,121.15474975082486,0.390484354907844,2,True,UPA-033,Upas
1512,18.612444381562828,121.16583205361924,0.3977272727272727,2,True,UPA-034,Upas
1513,16.780119215319672,121.50028321429446,0.3659318637274549,2,True,SIL-001,Silauan Sur
1515,16.772780086758093,121.52266705922764,0.3315153876119984,2,True,SIL-002,Silauan Sur
1516,16.776388831511877,121.53445926925072,0.3963750985027581,2,True,SIL-003,Silauan Sur
1517,16.73297756701458,121.52991450906886,0.3599656357388316,2,True,SIL-004,Silauan Sur
1518,16.813501094338967,121.53013979381204,0.3960332693538068,2,True,SIL-005,Silauan Sur
1519,16.810314718947566,121.53954706190908,0.3571602236810114,2,True,SIL-006,Silauan Sur
1520,16.80763832123308,121.6367730181156,0.3655888600424828,2,True,SIL-007,Silauan Sur
1521,16.785584151912133,121.5061506015984,0.3442449841605068,2,True,SIL-008,Silauan Sur
1522,16.804097647708673,121.51688926856826,0.3818917551846231,2,True,SIL-009,Silauan Sur
1523,16.78167450044346,121.51537476162764,0.3629782833505687,2,True,SIL-010,Silauan Sur
1524,16.773684432019177,121.5227538813014,0.3063874345549738,2,True,SIL-011,Silauan Sur
1525,16.780472718641665,121.5368670853578,0.3348990136214185,2,True,SIL-012,Silauan Sur
1527,16.722992665022478,121.53646216139916,0.3798303487276154,2,True,SIL-013,Silauan Sur
1528,16.726533749478712,121.55162853239588,0.3602417440103604,2,True,SIL-014,Silauan Sur
1529,16.723087891298157,121.54996642325594,0.3781925343811395,2,True,SIL-015,Silauan Sur
1530,16.72432259532285,121.57152783655864,0.3556313993174061,2,True,SIL-016,Silauan Sur
1531,16.73559641055642,121.59451671450816,0.396472184531886,2,True,SIL-017,Silauan Sur
1532,16.687277778100718,121.50869814340672,0.3680250783699059,2,True,SIL-018,Silauan Sur
1533,16.71827660480706,121.54690796312094,0.3891956782713085,2,True,SIL-019,Silauan Sur
1534,16.702907977516077,121.5461803052211,0.3802686428902269,2,True,SIL-020,Silauan Sur
1535,16.67744562824033,121.53662157943111,0.3992127615496167,2,True,SIL-021,Silauan Sur
1536,16.719646634233403,121.548960816905,0.3023727438653417,2,True,SIL-022,Silauan Sur
1537,16.696022137959506,121.543700580864,0.3838438115708401,2,True,SIL-023,Silauan Sur
1539,16.71697434388929,121.5545141588028,0.3567839195979899,2,True,SIL-024,Silauan Sur
1540,16.69953899728301,121.55548936738356,0.3955647240845796,2,True,SIL-025,Silauan Sur
1541,16.788290302203265,121.6631808126002,0.3881095524382097,2,True,SIL-026,Silauan Sur
1542,16.6562195549291,121.41528346702816,0.3777384377074574,2,True,SIL-027,Silauan Sur
1543,16.65750995686604,121.44245990531849,0.3913778529163144,2,True,SIL-028,Silauan Sur
1544,16.64878934851704,121.42453147353302,0.3575647432985007,2,True,SIL-029,Silauan Sur
1545,16.65143267871083,121.42750971682936,0.3855860228099976,2,True,SIL-030,Silauan Sur
1546,16.7836346148871,121.49903606238036,0.3182530795072788,2,True,SIL-031,Silauan Sur
1547,16.741651716989356,121.4675699880336,0.3473237443999057,2,True,SIL-032,Silauan Sur
1548,16.755781289869745,121.49644065426963,0.3270211216314639,2,True,SIL-033,Silauan Sur
1549,16.72358249024484,121.48046882187094,0.3910550458715596,2,True,SIL-034,Silauan Sur
1550,16.716701834667663,121.46655023956984,0.3669133444736214,2,True,SIL-035,Silauan Sur
1552,16.688808708170626,121.47080481252064,0.3692695214105793,2,True,SIL-036,Silauan Sur
1553,16.653348089012603,121.42983774634769,0.3761883205070167,2,True,SIL-037,Silauan Sur
1554,16.77475340960095,121.49563488923764,0.3451874758407421,2,True,SIL-038,Silauan Sur
1555,16.773494445752604,121.49648906319908,0.3601168736303871,2,True,SIL-039,Silauan Sur
1556,16.78336351627207,121.49903819168377,0.3408110440034512,2,True,SIL-040,Silauan Sur
1557,16.752334370972196,121.49468557549169,0.3277700509967547,2,True,SIL-041,Silauan Sur
1558,16.724279865270333,121.4769933294604,0.3887598699489085,2,True,SIL-042,Silauan Sur
1559,16.71650477281857,121.4888712347919,0.3499138143314454,2,True,SIL-043,Silauan Sur
1560,16.715579776902427,121.49835021769492,0.341929746554024,2,True,SIL-044,Silauan Sur
1561,16.44383558949027,121.44970003581496,0.3717898064006321,2,True,SIL-045,Silauan Sur
1562,16.181608693588164,120.96139086964686,0.3754457463066734,2,True,LAB-034,Labbi Camp
1563,16.18079738041828,120.96158619688892,0.3533760473139478,2,True,LAB-035,Labbi Camp
1564,18.426318314397612,122.1266337510521,0.3202614379084967,2,True,CON-051,Concong
1565,18.33269096144615,122.08811667315727,0.3817126269956458,2,True,CON-052,Concong
1566,18.291941000802037,122.10914410430702,0.3687915526007039,2,True,CON-053,Concong
1567,18.28115390088078,122.10219851622712,0.3612200435729847,2,True,CON-054,Concong
1568,18.30824194386531,122.0781206098458,0.3963675213675213,2,True,CON-055,Concong
1569,18.29752090150478,122.08508401568248,0.3396584440227704,2,True,CON-056,Concong
1570,18.29725069153076,122.08527465815664,0.3757838880849011,2,True,CON-057,Concong
1572,18.302341788759698,122.11079402498709,0.3853706431026019,2,True,CON-058,Concong
1574,18.293083966022596,122.10232632488255,0.3086673518328194,2,True,CON-059,Concong
1575,18.29236054158141,122.10223543956444,0.3315977871786528,2,True,CON-060,Concong
1576,18.29341684942222,122.11557008395438,0.3986928104575163,2,True,CON-061,Concong
1577,18.28842041025105,122.09080821057916,0.3799082100968893,2,True,CON-062,Concong
1578,18.287105583696302,122.0994242841182,0.3598569512740277,2,True,CON-063,Concong
1579,18.54407644981396,120.93195991161257,0.3554655870445344,2,True,UPA-035,Upas
1581,18.56978923246147,121.05630745315491,0.3511029411764705,2,True,UPA-036,Upas
1584,18.580728327381937,121.09246663360948,0.3717579250720461,2,True,UPA-037,Upas
1585,18.53415256024015,121.01740754545484,0.3690531177829099,2,True,UPA-038,Upas
1587,18.41247042886811,122.1829413609353,0.3687782805429864,2,True,CON-064,Concong
1588,17.045833342097378,121.98653432517504,0.3016330451488953,2,True,VIL-010,Villa Remedios
1589,17.016242203873166,121.9615171415752,0.3563218390804598,2,True,VIL-011,Villa Remedios
1590,17.030660925104428,121.97092648497107,0.3492945703292005,2,True,VIL-012,Villa Remedios
1591,17.03262694523411,121.98444461726984,0.3233404710920771,2,True,VIL-013,Villa Remedios
1592,17.03118507193652,121.98529794958208,0.3069212410501193,2,True,VIL-014,Villa Remedios
1593,17.031092346130404,121.9848286995973,0.3024799843780512,2,True,VIL-015,Villa Remedios
1594,17.009162436936492,121.99152265864522,0.340216830149716,2,True,VIL-016,Villa Remedios
1595,17.00292543582228,121.9733324709551,0.3810093279119828,2,True,VIL-017,Villa Remedios
1596,17.002916810313238,121.98967735610944,0.3678852383155946,2,True,VIL-018,Villa Remedios
1597,17.1250833186833,122.00152152442833,0.3350464518679581,2,True,VIL-019,Villa Remedios
1598,17.1230640287161,122.01365786518288,0.3953051643192488,2,True,VIL-020,Villa Remedios
1599,17.097286182007274,122.0098463208276,0.3927932532583695,2,True,VIL-021,Villa Remedios
1600,17.093095321491383,122.02161618112808,0.3872976338729763,2,True,VIL-022,Villa Remedios
1601,17.058806095034257,122.05261549071967,0.3060674157303371,2,True,VIL-023,Villa Remedios
1602,17.05536442822056,121.9947516088293,0.3115346038114343,2,True,VIL-024,Villa Remedios
1603,17.038107728524853,122.03336510133296,0.3186169173666732,2,True,VIL-025,Villa Remedios
1605,17.03129268053827,122.00709385434337,0.3903944191038369,2,True,VIL-026,Villa Remedios
1606,17.022312236170844,122.00047105501244,0.371880706025563,2,True,VIL-027,Villa Remedios
1609,17.009621319944234,121.99292929452773,0.3553563001415762,2,True,VIL-028,Villa Remedios
1611,17.011362579515282,122.0163112017659,0.3601236476043277,2,True,VIL-029,Villa Remedios
1612,17.00486685920988,122.01878748856755,0.3856395625297194,2,True,VIL-030,Villa Remedios
1613,17.004541857472965,122.0263981293844,0.3427152317880794,2,True,VIL-031,Villa Remedios
1614,17.004364236073958,122.0270566103894,0.3700042973785991,2,True,VIL-032,Villa Remedios
1615,17.012500738569575,122.04655452360996,0.3846153846153846,2,True,VIL-033,Villa Remedios
1616,17.010723342422658,122.05304547137716,0.365015166835187,2,True,VIL-034,Villa Remedios
1617,17.0025999221226,122.03617759442004,0.3845468715208194,2,True,VIL-035,Villa Remedios
1618,17.098701483193953,122.06030880099188,0.316914749661705,2,True,VIL-036,Villa Remedios
1619,17.060537809842824,122.0557076459313,0.3695303550973654,2,True,VIL-037,Villa Remedios
1620,17.05571617460755,121.99277651401977,0.3774712643678161,2,True,VIL-038,Villa Remedios
1621,17.054991262496877,121.99240455151832,0.3813449023861171,2,True,VIL-039,Villa Remedios
1622,17.056179717533983,121.99512309789296,0.3453862409016201,2,True,VIL-040,Villa Remedios
1623,17.032472685279163,122.00812109126856,0.3958278320570372,2,True,VIL-041,Villa Remedios
1624,17.033030991042093,122.01140645266102,0.353117092247527,2,True,VIL-042,Villa Remedios
1625,17.015748414684086,122.0074576596715,0.3284876905041031,2,True,VIL-043,Villa Remedios
1627,17.016324698703272,122.0332890760316,0.3788378584115707,2,True,VIL-044,Villa Remedios
1628,17.0150752559404,122.05593584859774,0.374634716540035,2,True,VIL-045,Villa Remedios
1629,17.00454275577177,122.02658600020972,0.344136460554371,2,True,VIL-046,Villa Remedios
1630,17.00701976500103,122.03427620995704,0.3690237618093329,2,True,VIL-047,Villa Remedios
1631,17.002127510765423,122.03185892138582,0.31521262604121,2,True,VIL-048,Villa Remedios
1633,17.00323171094755,122.03598648955187,0.3951306678579406,2,True,VIL-049,Villa Remedios
1634,17.00259458341991,122.03505037804612,0.3095890410958904,2,True,VIL-050,Villa Remedios
1635,17.010335070211543,122.04731701166604,0.3804372842347526,2,True,VIL-051,Villa Remedios
1636,17.004571177347046,122.05176124791186,0.3836065573770492,2,True,VIL-052,Villa Remedios
1637,17.003332754791852,122.0382404698115,0.3617021276595745,2,True,VIL-053,Villa Remedios
1638,17.013279780267666,122.05857524494392,0.3780827793266137,2,True,VIL-054,Villa Remedios
1639,17.095742502119833,122.04603807668552,0.3856143856143856,2,True,VIL-055,Villa Remedios
1640,17.058714835513392,122.05242802018329,0.3593135502323918,2,True,VIL-056,Villa Remedios
1641,17.05782195924651,122.05478164803728,0.3719360568383659,2,True,VIL-057,Villa Remedios
1642,17.028103569794094,122.00184953755932,0.3824074074074074,2,True,VIL-058,Villa Remedios
1643,17.031394060778403,122.00934813630158,0.3957732949087416,2,True,VIL-059,Villa Remedios
1644,17.018333604814945,122.00011639779278,0.3523467325398607,2,True,VIL-060,Villa Remedios
1645,17.04963562919615,122.04373545395616,0.3584647018505826,2,True,VIL-061,Villa Remedios
1646,17.011851452365455,122.00531755112269,0.3316687473990845,2,True,VIL-062,Villa Remedios
1647,17.007651105470437,122.03399115634204,0.358154593282072,2,True,VIL-063,Villa Remedios
1648,17.00729625696587,122.03540206470684,0.3774495881851746,2,True,VIL-064,Villa Remedios
1649,17.002101983508823,122.02650466752338,0.3113553113553113,2,True,VIL-065,Villa Remedios
1650,17.002103330557325,122.0267864701274,0.3940537989617744,2,True,VIL-066,Villa Remedios
1651,17.006582089712673,122.03728449955766,0.3793783917118895,2,True,VIL-067,Villa Remedios
1652,17.00962035339455,122.04910549978956,0.324079662039831,2,True,VIL-068,Villa Remedios
1653,17.014082349925246,122.05622265423298,0.3791014639071176,2,True,VIL-069,Villa Remedios
1654,17.00269563722134,122.03730434963352,0.3747458775694601,2,True,VIL-070,Villa Remedios
1655,17.00551594250725,122.06058675126091,0.3590184049079755,2,True,VIL-071,Villa Remedios
1656,18.462431456126527,121.08847665498908,0.3628076572470374,2,True,UPA-039,Upas
1657,18.44662057278846,121.0883676991117,0.3622914699401952,2,True,UPA-040,Upas
1658,18.454394586172373,121.10683609893964,0.3652217239661185,2,True,UPA-041,Upas
1659,18.445930327376367,121.09159379676568,0.3404174573055028,2,True,UPA-042,Upas
1661,16.261537281103976,120.9956450286793,0.3517819706498952,2,True,LAB-036,Labbi Camp
1662,18.545985406528967,121.0962626171641,0.3306315433975008,2,True,UPA-043,Upas
1663,18.5429007768496,121.09497080522728,0.3425050157638292,2,True,UPA-044,Upas
1665,16.251456867756993,120.96188802281176,0.354278627532038,2,True,LAB-037,Labbi Camp
1667,18.315676036841207,122.06436109560256,0.3995680345572354,2,True,CON-065,Concong
1669,18.29052589365164,122.0964737514485,0.3539253539253539,2,True,CON-066,Concong
1670,18.28815064340861,122.09109343876794,0.3970810266733769,2,True,CON-067,Concong
1671,18.291393027264508,122.10791698151796,0.3662691652470187,2,True,CON-068,Concong
1672,18.28798483657525,122.11351626475792,0.3903930131004366,2,True,CON-069,Concong
1673,18.298061774057896,122.08479733908122,0.3968531468531469,2,True,CON-070,Concong
1674,18.298891861189965,122.08829366233708,0.3749399903984637,2,True,CON-071,Concong
1675,18.29861848666508,122.08782202776273,0.3806065783853054,2,True,CON-072,Concong
1676,18.294197925093904,122.08945353802834,0.396598030438675,2,True,CON-073,Concong
1677,18.2898541967557,122.08824631478564,0.3903743315508021,2,True,CON-074,Concong
1678,17.149508792310364,121.90127195076764,0.3896236012207528,2,True,VIL-072,Villa Remedios
1679,17.174936475773993,121.90695150403144,0.3915770609318996,2,True,CON-075,Concong
1680,17.176505392821923,121.9129596592024,0.360964581763376,2,True,CON-076,Concong
1681,17.179624142354836,121.92149755844495,0.3940584335870365,2,True,CON-077,Concong
1682,17.170956905028532,121.92324001571345,0.3976281047214142,2,True,CON-078,Concong
1683,17.171778324866548,121.92473957960884,0.3910675381263616,2,True,CON-079,Concong
1684,17.172063964177838,121.92746449231488,0.3967935871743487,2,True,CON-080,Concong
1686,17.15232298541612,121.92033921088026,0.3475728155339805,2,True,VIL-073,Villa Remedios
1687,17.142435521360532,121.91362805460344,0.3029772329246935,2,True,VIL-074,Villa Remedios
1688,17.15134099123907,121.93971072954774,0.3473009613014542,2,True,VIL-075,Villa Remedios
1689,17.152820492874397,121.94609501096812,0.3928805416029701,2,True,VIL-076,Villa Remedios
1690,17.143500973495417,121.92697053428796,0.383147853736089,2,True,VIL-077,Villa Remedios
1691,17.127211259187636,121.88955952512872,0.3462603878116344,2,True,VIL-078,Villa Remedios
1692,17.106021323496815,121.8986138281176,0.3725752508361204,2,True,VIL-079,Villa Remedios
1693,17.107117090409922,121.90067507445217,0.3647058823529411,2,True,VIL-080,Villa Remedios
1694,17.16883097804378,121.88132068739466,0.3439680957128614,2,True,CON-081,Concong
1695,17.18105712410593,121.9023084838333,0.3904392137830623,2,True,CON-082,Concong
1696,17.178518885676432,121.90091309926711,0.3740710156895128,2,True,CON-083,Concong
1697,17.17799400829516,121.90411292983109,0.372432566196486,2,True,CON-084,Concong
1698,17.176449420048677,121.90261767277536,0.3445136559655007,2,True,CON-085,Concong
1699,17.17745021267455,121.90383406151804,0.3884426017102876,2,True,CON-086,Concong
1700,17.17808744839649,121.9046765112324,0.380242311276794,2,True,CON-087,Concong
1701,17.18164880112257,121.91142529145353,0.3852758102597123,2,True,CON-088,Concong
1703,17.17632818164046,121.91361883995351,0.3836098541980895,2,True,CON-089,Concong
1704,17.1714975508414,121.90612549057076,0.3976555455365194,2,True,CON-090,Concong
1705,17.166264767561067,121.9246773397762,0.3824362606232294,2,True,CON-091,Concong
1706,17.16394491838527,121.94753646084682,0.3849607182940516,2,True,CON-092,Concong
1707,17.160539332888742,121.9187874858833,0.3477357706688824,2,True,VIL-081,Villa Remedios
1708,17.152323487706376,121.92043321716622,0.3727753727753727,2,True,VIL-082,Villa Remedios
1709,17.143680731981046,121.92678149203284,0.3706153537783123,2,True,VIL-083,Villa Remedios
1710,17.115450336491502,121.8874675519707,0.3047466177482228,2,True,VIL-084,Villa Remedios
1711,17.17834069127442,121.90138425867958,0.3223259152907394,2,True,CON-093,Concong
1712,17.157689603881973,121.87687494859256,0.3968331303288672,2,True,VIL-085,Villa Remedios
1713,17.176288570842072,121.90628543273483,0.3991912189485846,2,True,CON-094,Concong
1714,17.181251947471548,121.9216761893336,0.3972602739726027,2,True,CON-095,Concong
1715,17.166810644637767,121.90850337460743,0.3881101981633639,2,True,CON-096,Concong
1716,17.162751272520943,121.90993732967554,0.3544241225902125,2,True,CON-097,Concong
1717,17.16710614083946,121.92993743268266,0.3092805005213764,2,True,CON-098,Concong
1718,17.164603877803206,121.93531067597928,0.3575873623743418,2,True,CON-099,Concong
1719,17.16617638157065,121.94216491861094,0.3772164197230993,2,True,CON-100,Concong
1720,17.163679658825792,121.94866614412248,0.3743210949380838,2,True,VIL-086,Villa Remedios
1721,17.154593310068822,121.95680227357352,0.390570021111893,2,True,VIL-087,Villa Remedios
1722,17.14298828264063,121.9498166807539,0.3680137575236457,2,True,VIL-088,Villa Remedios
1724,17.062078985662257,121.87895167880706,0.3839662447257383,2,True,VIL-089,Villa Remedios
1726,17.133970760703072,121.98934784187624,0.336508593911783,2,True,VIL-090,Villa Remedios
1727,17.125118193161157,121.97238221886414,0.3748870822041554,2,True,VIL-091,Villa Remedios
1728,17.114134795519742,121.9631374023584,0.3966119924710943,2,True,VIL-092,Villa Remedios
1730,17.096570438972037,121.9398331217557,0.3317013463892289,2,True,VIL-093,Villa Remedios
1731,17.080898378580986,121.9329676769941,0.3779128672745694,2,True,VIL-094,Villa Remedios
1732,17.080899861691293,121.93324958944793,0.3120728929384966,2,True,VIL-095,Villa Remedios
1733,17.07927452184945,121.93354075006586,0.3860759493670886,2,True,VIL-096,Villa Remedios
1734,17.079275510011144,121.9337286901072,0.3987049028677151,2,True,VIL-097,Villa Remedios
1735,17.07541301339306,121.9211585610068,0.385602934433746,2,True,VIL-098,Villa Remedios
1736,17.07152972531808,121.9217446953345,0.3562130177514793,2,True,VIL-099,Villa Remedios
1737,16.997133090625482,121.38652558547636,0.3679294239750908,2,True,SIL-046,Silauan Sur
1738,16.99378048507763,121.40834209180396,0.3887240356083086,2,True,SIL-047,Silauan Sur
1739,16.97840262454968,121.3833990997639,0.3850506955906626,2,True,SIL-048,Silauan Sur
1740,16.993689390751303,121.40824894725358,0.3673530289465831,2,True,SIL-049,Silauan Sur
1741,16.989005483305284,121.42181170320164,0.3692541856925418,2,True,SIL-050,Silauan Sur
1742,16.979326483013057,121.44405474066254,0.3918552036199095,2,True,SIL-051,Silauan Sur
1744,16.958075699781585,121.3170026420128,0.3686329776525065,2,True,SIL-052,Silauan Sur
1745,17.08993650389638,121.88263828577344,0.3687087223867,2,True,VIL-100,Villa Remedios
1746,17.086153069174312,121.88491623097326,0.3500724287783679,2,True,SIL-053,Silauan Sur
1748,17.06317492227693,121.88101233082055,0.3724500525762355,2,True,SIL-054,Silauan Sur
1749,17.06554800815321,121.88522659819068,0.3084458564998676,2,True,SIL-055,Silauan Sur
1750,17.131139548346997,121.93089543728384,0.3715964740450538,2,True,SIL-056,Silauan Sur
1751,17.101827483542056,121.90860072314427,0.3238698405765451,2,True,SIL-057,Silauan Sur
1752,17.128397583237334,121.9774401229897,0.383256019438922,2,True,SIL-058,Silauan Sur
1753,17.11956286356364,121.96414126434809,0.3911556315660884,2,True,SIL-059,Silauan Sur
1754,17.11112218294796,121.97499678777704,0.3218133767025818,2,True,SIL-060,Silauan Sur
1755,17.098730191528457,121.9209304201826,0.3649950182663567,2,True,SIL-061,Silauan Sur
1756,17.09531151971478,121.94106199672753,0.3881322957198443,2,True,SIL-062,Silauan Sur
1757,17.07769592430609,121.92556210871872,0.3973086256342378,2,True,SIL-063,Silauan Sur
1758,17.08642420169678,121.88491461873356,0.3969288040949278,2,True,SIL-064,Silauan Sur
1759,17.079468230326775,121.88551980180276,0.3874181611158554,2,True,SIL-065,Silauan Sur
1760,17.069101898715008,121.87411746994954,0.3206986250464511,2,True,SIL-066,Silauan Sur
1761,17.06775144965649,121.87506522401657,0.3148383812674981,2,True,SIL-067,Silauan Sur
1762,17.06820594038029,121.87553232948956,0.3214659685863874,2,True,SIL-068,Silauan Sur
1763,17.06713856910712,121.87863957640558,0.374443141852286,2,True,SIL-069,Silauan Sur
1764,17.068801604878846,121.8852072795056,0.3837591702504427,2,True,SIL-070,Silauan Sur
1765,17.125290709770233,121.93581665615984,0.3852900139525613,2,True,SIL-071,Silauan Sur
1766,17.124924657944245,121.95226803932034,0.3826530612244898,2,True,SIL-072,Silauan Sur
1767,17.126557103092633,121.97096435183552,0.3686979395002192,2,True,SIL-073,Silauan Sur
1769,17.109860668009027,121.97575560708118,0.3717065261451155,2,True,SIL-074,Silauan Sur
1770,17.08267770186866,121.92760101182,0.3987297106563162,2,True,SIL-075,Silauan Sur
1772,17.058209764747737,121.93243889745642,0.3883698760724499,2,True,SIL-076,Silauan Sur
1773,17.05509236154234,121.87401353395455,0.3886668234187632,2,True,SIL-077,Silauan Sur
1774,17.055832031153052,121.87701580739667,0.323758719737382,2,True,SIL-078,Silauan Sur
1775,17.048373376559358,121.9013950342765,0.3412462908011869,2,True,SIL-079,Silauan Sur
1776,17.040520563354974,121.88669039083383,0.3150757777186918,2,True,SIL-080,Silauan Sur
1777,17.051617174745186,121.95079839484048,0.3828996282527881,2,True,SIL-081,Silauan Sur
1780,17.039665373977613,121.98215171745792,0.3226629552308049,2,True,SIL-082,Silauan Sur
1781,17.03520380104978,121.95784237323866,0.3897674418604651,2,True,SIL-083,Silauan Sur
1782,17.03479363924253,121.96601840680776,0.3822644130585784,2,True,SIL-084,Silauan Sur
1783,17.03093159124678,121.9708310552304,0.3684684684684685,2,True,SIL-085,Silauan Sur
1784,17.02753266570294,121.977895739395,0.3988816402609506,2,True,SIL-086,Silauan Sur
1785,17.027444173307035,121.9782720119757,0.3800701051577366,2,True,SIL-087,Silauan Sur
1786,17.03344975121127,121.98631919983444,0.3706046040981533,2,True,SIL-088,Silauan Sur
1787,16.923992839171,121.37081523415168,0.3800865800865801,2,True,SIL-089,Silauan Sur
1788,16.91203844825515,121.36753865100374,0.3187651751647589,2,True,SIL-090,Silauan Sur
1789,16.906092998393685,121.35857850737295,0.3947438279798247,2,True,SIL-091,Silauan Sur
1790,16.96566202452953,121.3949638050235,0.3829499323410013,2,True,SIL-092,Silauan Sur
1791,16.970064176045028,121.40318970974684,0.3990338164251207,2,True,SIL-093,Silauan Sur
1793,16.945883551269922,121.38499173037438,0.3989375158107766,2,True,SIL-094,Silauan Sur
1794,16.945586550563707,121.39316258354408,0.3535025380710659,2,True,SIL-095,Silauan Sur
1795,16.943689724362038,121.39327258372386,0.3372968688069758,2,True,SIL-096,Silauan Sur
1797,17.068495162315436,121.92899760163937,0.3090689724512366,2,True,SIL-097,Silauan Sur
1798,17.09205032977756,121.95705695645178,0.3855695679139962,2,True,SIL-098,Silauan Sur
1799,17.06298264893141,121.98183749450206,0.3964059196617336,2,True,SIL-099,Silauan Sur
1800,17.03614021817487,121.8955476315378,0.3426086956521739,2,True,SIL-100,Silauan Sur
1801,17.025210558709357,121.89673911615856,0.3627190653212958,2,True,LAB-038,Labbi Camp
1802,17.00547793984818,121.89131253007616,0.371960682876358,2,True,LAB-039,Labbi Camp
1803,17.05107811223664,121.91697626628648,0.3701492537313433,2,True,LAB-040,Labbi Camp
1804,17.048763716905462,121.94085479029351,0.3928571428571428,2,True,LAB-041,Labbi Camp
1805,17.051508806746934,121.94732250513093,0.3815281708258297,2,True,LAB-042,Labbi Camp
1806,17.050428144531264,121.9480802279593,0.3767752715121136,2,True,LAB-043,Labbi Camp
1807,17.04522518395896,121.93824396052122,0.3951512121969507,2,True,LAB-044,Labbi Camp
1808,17.039142878938428,121.9681554319483,0.3751887810140237,2,True,LAB-045,Labbi Camp
1809,17.03578973460284,121.96638873955304,0.3769968051118211,2,True,LAB-046,Labbi Camp
1810,17.049494225590383,121.97758847130258,0.3730017761989342,2,True,LAB-047,Labbi Camp
1812,17.04886156153058,121.97759191262884,0.3538020086083214,2,True,LAB-048,Labbi Camp
1813,17.04671366092474,121.98183169028108,0.3535177521237203,2,True,LAB-049,Labbi Camp
1814,17.050741958736154,121.99214545528612,0.3635456178878019,2,True,LAB-050,Labbi Camp
1815,17.077256957324334,121.92800788511998,0.3796594569719282,2,True,LAB-051,Labbi Camp
1816,17.092415715548885,121.95780676372311,0.3436532507739938,2,True,LAB-052,Labbi Camp
1817,17.08631589223522,121.98471817683784,0.3575730537586438,2,True,LAB-053,Labbi Camp
1818,17.062886609493304,121.9807104255134,0.3485009568360621,2,True,LAB-054,Labbi Camp
1819,17.036392533063523,121.87562872503996,0.3945409429280397,2,True,LAB-055,Labbi Camp
1821,17.0542265802062,121.89741452303409,0.3770394541679027,2,True,LAB-056,Labbi Camp
1822,17.0512670077818,121.90165999443632,0.3809523809523809,2,True,LAB-057,Labbi Camp
1823,17.04872522752522,121.89960780093764,0.3124846097020438,2,True,LAB-058,Labbi Camp
1824,17.045619197204402,121.89351890605832,0.3763188745603751,2,True,LAB-059,Labbi Camp
1825,17.037771109895917,121.89628966430946,0.3176120671340556,2,True,LAB-060,Labbi Camp
1826,17.0351557605738,121.88080332894448,0.3607696419027258,2,True,LAB-061,Labbi Camp
1827,17.030269709160404,121.89633367050055,0.390359431596545,2,True,LAB-062,Labbi Camp
1828,17.056361527555485,121.92474457958797,0.3829588014981273,2,True,LAB-063,Labbi Camp
1829,17.047309310797594,121.9392657162974,0.3816793893129771,2,True,LAB-064,Labbi Camp
1830,17.028789607695764,121.90677043907972,0.3389544688026981,2,True,LAB-065,Labbi Camp
1831,17.038599165372375,121.96787655481242,0.3849721706864564,2,True,LAB-066,Labbi Camp
1832,17.053556618187848,121.97662676038354,0.3855799373040752,2,True,LAB-067,Labbi Camp
1833,17.051029749270523,121.97739219876992,0.394725078229772,2,True,LAB-068,Labbi Camp
1834,17.046719308367894,121.98295915262054,0.324963503649635,2,True,LAB-069,Labbi Camp
1835,17.049928063709935,121.99205586008736,0.3773234200743494,2,True,LAB-070,Labbi Camp
1836,17.039570285596046,121.98121269054234,0.3978397839783978,2,True,LAB-071,Labbi Camp
1837,17.03170539479027,121.96302898455436,0.3542897660127629,2,True,LAB-072,Labbi Camp
1838,17.02014005784113,121.96375030300828,0.3418841220698805,2,True,LAB-073,Labbi Camp
1839,17.02550370904933,121.98786515520712,0.3541666666666667,2,True,LAB-074,Labbi Camp
1840,17.015115949759494,121.98914223585273,0.3973999490186082,2,True,LAB-075,Labbi Camp
1841,17.009918985073742,121.9446430421757,0.3520086862106406,2,True,LAB-076,Labbi Camp
1844,17.01040304619998,121.98653721107674,0.3877934272300469,2,True,LAB-077,Labbi Camp
1845,17.13200862980549,121.99462248883616,0.3611884865366759,2,True,LAB-078,Labbi Camp
1846,17.10072203917058,122.01011012147512,0.3591047812817904,2,True,LAB-079,Labbi Camp
1847,17.10233596059351,122.04506463807968,0.3526336952151186,2,True,LAB-080,Labbi Camp
1848,16.84272396797277,121.33332094407258,0.3621584226911103,2,True,LAB-081,Labbi Camp
1849,16.824050413248628,121.35975585094744,0.3730715287517531,2,True,LAB-082,Labbi Camp
1850,16.82423337940047,121.36003575893636,0.3876712328767123,2,True,LAB-083,Labbi Camp
1851,16.880815360893386,121.38441979419837,0.3648585999072786,2,True,LAB-084,Labbi Camp
1852,17.023534920535965,121.99182148657704,0.3460886413175102,2,True,LAB-085,Labbi Camp
1853,17.018921286504106,121.9910006926038,0.3984407057858022,2,True,LAB-086,Labbi Camp
1854,17.010404449218157,121.98681902266412,0.3652615316707128,2,True,LAB-087,Labbi Camp
1855,17.008790196105952,121.98936405388336,0.3583583583583583,2,True,LAB-088,Labbi Camp
1856,17.00421628277045,121.9783980038142,0.3511843460350154,2,True,LAB-089,Labbi Camp
1857,17.14547066748563,122.01194151927592,0.3403535163595336,2,True,LAB-090,Labbi Camp
1858,17.122629957928183,122.01732602039571,0.3939393939393939,2,True,LAB-091,Labbi Camp
1859,17.116011107379723,122.01303708453,0.395285830398266,2,True,LAB-092,Labbi Camp
1860,17.10072157994004,122.01001613844306,0.388663967611336,2,True,LAB-093,Labbi Camp
1861,17.11362956292858,122.0251746281742,0.349941792782305,2,True,LAB-094,Labbi Camp
1862,16.137319603456067,121.15825423468893,0.3818479149632052,2,True,LAB-095,Labbi Camp
1863,16.137412381922072,121.15853384193804,0.3354661791590493,2,True,LAB-096,Labbi Camp
1864,16.132046945273654,121.14418666360596,0.3267776096822995,2,True,LAB-097,Labbi Camp
1865,16.13713889146479,121.15825590562892,0.3750543242068666,2,True,LAB-098,Labbi Camp
1866,16.137141794149983,121.14815917302624,0.3744110184849583,2,True,LAB-099,Labbi Camp
1867,16.137681027428936,121.1582508927452,0.3617619493908153,2,True,LAB-100,Labbi Camp
1869,16.10214348892369,121.17643228152284,0.3433999025815879,2,True,UPA-045,Upas
1870,18.084003556167342,121.72561264427668,0.3602584814216478,2,True,UPA-046,Upas
1871,18.080322932946675,121.68878992078936,0.3915887850467289,2,True,UPA-047,Upas
1872,18.072208949494954,121.6915901050954,0.3057517658930373,2,True,UPA-048,Upas
1873,18.07820941551979,121.73774854851864,0.3737373737373737,2,True,UPA-049,Upas
1874,18.08213573760933,121.74395664058066,0.3576547231270358,2,True,UPA-050,Upas
1875,18.068081272113208,121.73668717448857,0.387683284457478,2,True,UPA-051,Upas
1876,18.062345475010037,121.7579854949619,0.3613380007779074,2,True,UPA-052,Upas
1877,18.058176203199817,121.7011413303523,0.3801276207839562,2,True,UPA-053,Upas
1878,18.043207052542435,121.70588007074588,0.3405857740585774,2,True,UPA-054,Upas
1879,18.058145966318996,121.71011653086522,0.3904585456229736,2,True,UPA-055,Upas
1880,18.043177803057738,121.71504344795076,0.378961874138723,2,True,UPA-056,Upas
1881,18.043179686242333,121.71532683150627,0.3477011494252873,2,True,UPA-057,Upas
1882,18.021400423222858,121.68828218904213,0.3599692662312716,2,True,UPA-058,Upas
1883,18.03979536189721,121.70921125212016,0.3186998733642887,2,True,UPA-059,Upas
1884,18.040747408365668,121.71647806439672,0.3618394513916902,2,True,UPA-060,Upas
1885,18.03802647501886,121.71498639057428,0.3579399141630901,2,True,UPA-061,Upas
1886,18.01566204193423,121.68161871029432,0.3436482084690553,2,True,UPA-062,Upas
1887,18.019984657372483,121.69273194398694,0.3725793958171959,2,True,UPA-063,Upas
1888,18.07746177925331,121.72027426162634,0.3955375253549695,2,True,UPA-064,Upas
1889,18.072021818461927,121.71757372473644,0.3989455184534271,2,True,UPA-065,Upas
1890,18.08032855885561,121.7301745034618,0.3733974358974359,2,True,UPA-066,Upas
1891,18.078119051905627,121.7377491945288,0.3933333333333333,2,True,UPA-067,Upas
1893,18.06414656547051,121.74304531223795,0.3322932917316692,2,True,UPA-068,Upas
1894,18.064930170567425,121.7664704174195,0.3348274316450022,2,True,UPA-069,Upas
1895,18.056418578840248,121.695108016624,0.3975265017667844,2,True,UPA-070,Upas
1896,18.05587512898597,121.69492308396048,0.3844827586206896,2,True,UPA-071,Upas
1897,18.06189502912946,121.7031924600592,0.347029924073247,2,True,UPA-072,Upas
1898,18.042839546925556,121.71854113212768,0.3912280701754386,2,True,UPA-073,Upas
1900,18.035110874428018,121.69791008598784,0.3935660506502396,2,True,UPA-074,Upas
1901,18.02327145956308,121.69771377846962,0.3310165073848827,2,True,UPA-075,Upas
1903,18.02356207508173,121.68722718362793,0.3652094717668488,2,True,UPA-076,Upas
1904,18.02273436636116,121.69847336150714,0.3638888888888889,2,True,UPA-077,Upas
1905,18.041335314867688,121.70976680653976,0.387625594923321,2,True,UPA-078,Upas
1906,18.08409391930038,121.72561199182924,0.3694267515923566,2,True,UPA-079,Upas
1907,18.07499094056393,121.68873503451222,0.332762312633833,2,True,UPA-080,Upas
1908,18.066981597003995,121.74822151023798,0.3634686346863469,2,True,UPA-081,Upas
1909,18.08042442896597,121.75880323515575,0.3884816753926701,2,True,UPA-082,Upas
1912,18.01339989106582,121.70798687288516,0.3379501385041551,2,True,UPA-083,Upas
1913,18.050449847984986,121.74909433947045,0.3963636363636363,2,True,UPA-084,Upas
1914,18.05500345339444,121.75454156928464,0.3620769587389893,2,True,UPA-085,Upas
1915,18.05567124341715,121.7600163377972,0.3719314497452524,2,True,UPA-086,Upas
1916,18.08015093977752,121.7306482109272,0.3410583236770954,2,True,UPA-087,Upas
1918,18.067375444673612,121.75322614582494,0.3705263157894737,2,True,UPA-088,Upas
1919,18.06851690875684,121.77627139449682,0.3944751381215469,2,True,UPA-089,Upas
1920,18.046732466310736,121.70604321626745,0.3200992555831266,2,True,UPA-090,Upas
1921,18.042279999889228,121.70239164896984,0.3591160220994475,2,True,UPA-091,Upas
1922,18.042098006521268,121.70220405409556,0.3962558502340094,2,True,UPA-092,Upas
1923,18.04295364942547,121.7085269549292,0.3671399594320487,2,True,UPA-093,Upas
1924,18.025807334236,121.69854523709364,0.3895833333333333,2,True,UPA-094,Upas
1925,18.018843354409167,121.684334142128,0.3594869860430026,2,True,UPA-095,Upas
1927,18.04627559251626,121.70529082135948,0.3564668769716088,2,True,UPA-096,Upas
1928,18.033363411991218,121.69338886383326,0.3701506161570059,2,True,UPA-097,Upas
1929,18.037191757561548,121.69827262625722,0.3582089552238806,2,True,UPA-098,Upas
1931,18.028822294970695,121.6900219104264,0.3854077253218884,2,True,UPA-099,Upas
1932,18.040701513389124,121.70958249936656,0.3473360655737705,2,True,UPA-100,Upas
1933,17.997489449008036,121.6936533302277,0.3870722433460076,2,False,,
1934,18.05209777749832,121.75238918765363,0.3474676089517079,2,False,,
1935,18.054538220894496,121.76654293716466,0.354041651959054,2,False,,
1936,18.02758653732334,121.7351816589041,0.3479125248508946,2,False,,
1937,18.017949584026248,121.69916967388056,0.3286418015482055,2,False,,
1938,18.010953150843992,121.70696577572622,0.378839590443686,2,False,,
1939,18.050358260828567,121.74890604610488,0.381625441696113,2,False,,
1940,18.037504500060667,121.74559624529122,0.3107535986452159,2,False,,
1941,18.03686888627494,121.74512843372251,0.3797606093579978,2,False,,
1942,18.030221013176213,121.76529553764384,0.3801742919389978,2,False,,
1943,17.98172144336463,121.74164693208012,0.3898128898128898,2,False,,
1944,17.992995364734234,121.7663103251105,0.3990505445406311,2,False,,
1945,18.03371287453965,121.74618988450536,0.3887113951011715,2,False,,
1946,18.62404611585113,121.1148209371959,0.328713728886964,2,False,,
1947,18.62404611585113,121.1148209371959,0.328713728886964,2,False,,
1948,18.62361535008559,121.10790823639198,0.3322189720016715,2,False,,
1949,18.62361535008559,121.10790823639198,0.3322189720016715,2,False,,
1950,18.623441357790316,121.10857347726372,0.3383902233459755,2,False,,
1951,18.623441357790316,121.10857347726372,0.3383902233459755,2,False,,
1952,18.028994931253067,121.74329506368464,0.3857337573830077,2,False,,
1953,18.03923637161413,121.76192637702091,0.388235294117647,2,False,,
1954,18.060826297367225,121.77481302128662,0.3955307262569832,2,False,,
1956,17.99038233237019,121.73941345995976,0.3681333697731621,2,False,,
1957,17.979219978464975,121.74610298385396,0.3729677262800291,2,False,,
1958,17.991541904109372,121.75102123223856,0.388041237113402,2,False,,
1959,17.991079638502647,121.76349045968938,0.3917287438993064,2,False,,
1960,17.984849847757236,121.76438377891893,0.3786915887850467,2,False,,
1961,18.008103807177697,121.72700933817636,0.369244135534318,2,False,,
1962,18.04307838500082,121.7550978735493,0.3648393194706994,2,False,,
1963,18.036405411980713,121.74333692282278,0.3959955506117908,2,False,,
1964,18.62361439708244,121.1078134874996,0.3132832080200501,2,False,,
1965,18.62361439708244,121.1078134874996,0.3132832080200501,2,False,,
1968,17.993857686581734,121.99372554759616,0.3302769117916743,2,False,,
1969,17.973224090169687,121.8735329700227,0.3905297702766057,2,False,,
1970,17.971313717289018,121.8713731479701,0.3615870153291253,2,False,,
1971,17.96915638414939,121.87336989483047,0.38598792967725,2,False,,
1972,17.96077612035431,121.87757776693658,0.3645466847090663,2,False,,
1973,18.02104075151559,121.87521296077996,0.3737486095661846,2,False,,
1974,18.004067852555767,121.87815413988392,0.385502471169687,2,False,,
1975,18.00843658879558,121.89928376468896,0.3982473222979552,2,False,,
1976,18.006449531899406,121.89948500239876,0.3222270933800965,2,False,,
1977,17.98199372616723,121.8741384167726,0.3929562433297758,2,False,,
1978,18.10867051788773,121.46481175712532,0.3577489950870924,2,False,,
1979,18.0962186788691,121.37865601657596,0.3955443463640185,2,False,,
1980,18.08872993885259,121.4125484445945,0.3920776071139854,2,False,,
1982,18.11211788346036,121.43284280873011,0.3952738990332975,2,False,,
1983,18.099643997069872,121.37767967691887,0.3075780089153046,2,False,,
1984,18.085649253719172,121.3897125141232,0.375,2,False,,
1985,18.088729161385395,121.4124539716403,0.3076648841354724,2,False,,
1986,18.08700783291783,121.41190258497107,0.387587340731607,2,False,,
1987,18.086043492499986,121.41550144890402,0.3714585519412381,2,False,,
1988,18.111011634200963,121.486619522343,0.3096716947648624,2,False,,
1989,18.084102985752413,121.96921063074151,0.378847229994404,2,False,,
1990,18.02086001413548,121.87521410821866,0.373134328358209,2,False,,
1991,18.013262453946727,121.87412887894985,0.3452288595810706,2,False,,
1992,18.006311740506533,121.87549532708876,0.3879781420765027,2,False,,
1994,18.0087114539321,121.89994322578112,0.3619763694951665,2,False,,
1996,18.006272011726157,121.90005281136146,0.3099415204678362,2,False,,
1997,17.99461807802889,121.90078618844188,0.3931469792605951,2,False,,
1998,17.993810104584753,121.9017356394095,0.354427691654279,2,False,,
1999,17.981701083944497,121.90190498984953,0.3615774047428723,2,False,,
2000,18.05668584117622,121.9798578769584,0.3642714570858283,2,False,,
2001,18.035922934577695,121.95040891045169,0.3540499235863474,2,False,,
2002,18.003561054543496,121.91612612155654,0.3921787709497206,2,False,,
2003,18.00842606279394,121.94613248640148,0.3768352365415987,2,False,,
2004,17.997258320555282,121.93665964847874,0.383739837398374,2,False,,
2005,18.03995141181771,121.92695642175616,0.3656903765690376,2,False,,
2006,18.021289125375382,121.93509861002616,0.3343206219918548,2,False,,
2007,18.04979157295208,121.95807365623882,0.3829787234042553,2,False,,
2008,18.011143675354262,121.9145685028486,0.3945997157745144,2,False,,
2009,17.99916348278874,121.92163097139202,0.3757225433526011,2,False,,
2010,18.01830921869331,121.96893281882411,0.3708701721731037,2,False,,
2011,17.994754284159647,121.97511437130076,0.3882559158632778,2,False,,
2012,18.061082198268316,121.9403390395856,0.3531202435312024,2,False,,
2013,18.011260458842568,121.91929050294054,0.3896406906206253,2,False,,
2014,18.004683426819245,121.92291972423725,0.3787610619469027,2,False,,
2015,18.01131484755129,121.9455485839698,0.3987553853518429,2,False,,
2016,18.02022955496901,121.95626397493056,0.3839235525576166,2,False,,
2017,18.018585361982964,121.96987580711256,0.3872901678657074,2,False,,
2018,17.991195045292674,121.98571278573849,0.3943040513437625,2,False,,
2020,16.09489210530063,121.0510666132455,0.3629976580796253,2,False,,
2022,16.115646961067966,121.0879731512682,0.3586994119681771,2,False,,
2023,16.091955903774043,121.07604980057025,0.3634945397815912,2,False,,
2024,17.967758586159334,121.91351173541784,0.3334591432345725,2,False,,
2025,17.962487734666336,121.9244976449011,0.334980049401482,2,False,,
2026,16.702616789289998,121.55621642443504,0.3187996922287766,2,False,,
2027,16.79540972069018,121.6462426889346,0.387745445942749,2,False,,
2028,16.746535030272653,121.66300356416929,0.392876129718235,2,False,,
2029,16.790704825716936,121.64543164548893,0.3948878455920709,2,False,,
2031,16.807826288131103,121.37640766774834,0.3755677743246474,2,False,,
2033,16.76450245344214,121.38306031133216,0.3421859039836568,2,False,,
2034,16.765468454531483,121.39102511827824,0.3524176088525378,2,False,,
2035,16.75891548292099,121.3850772429976,0.3641025641025641,2,False,,
2036,16.75236900242628,121.37997385061604,0.3981403212172443,2,False,,
2038,16.774313425852874,121.4129009784822,0.3678065054211843,2,False,,
2039,16.75553901418159,121.38088497142552,0.3472609099350046,2,False,,
2040,16.75647498751524,121.385004038687,0.3166553977913004,2,False,,
2041,16.755586053194698,121.386887433762,0.3990374555346306,2,False,,
2042,16.753746503859897,121.38277600568313,0.3967058823529412,2,False,,
2043,16.762041295140317,121.39189812156694,0.3739612188365651,2,False,,
2044,16.806826506730438,121.48215311107556,0.3953297828758705,2,False,,
2045,16.769663847081137,121.3959613332896,0.3870172555464256,2,False,,
2046,16.758378454760326,121.3857383471249,0.3897180762852404,2,False,,
2047,16.747262929436527,121.45655125438552,0.3346657783699756,2,False,,
2048,16.735318086109885,121.44239180825863,0.3893839597055404,2,False,,
2049,16.732871175086686,121.44147383276436,0.3632577510411846,2,False,,
2050,16.686733756355647,121.47129013755338,0.3865991250287819,2,False,,
2051,18.309117247781213,122.07224964080496,0.3108225108225108,2,False,,
2052,18.30902687619809,122.0722501221292,0.369740376007162,2,False,,
2053,18.30686438878449,122.07358627768612,0.3653686826843413,2,False,,
2054,18.300182387868865,122.07475716440572,0.3767985611510791,2,False,,
2055,18.29861803487303,122.08772741722674,0.3872053872053872,2,False,,
2056,18.292063565646192,122.0967496124504,0.3142448103078024,2,False,,
2057,18.29411259053857,122.1097006741461,0.3800205973223481,2,False,,
2058,18.288197154867664,122.0819162963874,0.3903966597077244,2,False,,
2059,18.30161226573749,122.07143807556668,0.3745290128108515,2,False,,
2060,18.298475851725325,122.07694231279622,0.3825631252977608,2,False,,
2061,18.287231661330576,122.06914950693472,0.3909211106214191,2,False,,
2062,18.29429685510467,122.0912506229116,0.328006392329205,2,False,,
2063,18.30215354869654,122.10918652564364,0.3312302839116719,2,False,,
2064,18.28971745942592,122.09751863100536,0.3980401306579561,2,False,,
2065,18.289737516090476,122.1017759020647,0.375265618359541,2,False,,
2066,18.28917477820745,122.09742683140368,0.3463458919655016,2,False,,
2067,18.29779564090504,122.08583947285108,0.3167202572347267,2,False,,
2068,18.302243921274343,122.10918606366656,0.3174327840416305,2,False,,
2069,18.29317389403434,122.10223125163311,0.3241569167240192,2,False,,
2070,18.292473521995777,122.10705996374858,0.3008595988538682,2,False,,
2071,18.30697388685899,122.05901468092192,0.3741636644364385,2,False,,
2072,18.29814942568783,122.08422920339544,0.3771313941825476,2,False,,
2073,18.30197280353836,122.10918744958975,0.3673017279574657,2,False,,
2075,18.29008028913224,122.09780057872868,0.3684665226781857,2,False,,
2076,18.304189804910955,122.0811697554424,0.3779562695225346,2,False,,
2077,18.298061320781244,122.08470272892754,0.3566037735849056,2,False,,
2078,18.297792923677065,122.08527181267104,0.3197432993582484,2,False,,
2079,18.297957405429116,122.1008820373669,0.3879003558718861,2,False,,
2080,18.30456437792511,122.10292951081006,0.3775794757389849,2,False,,
2081,18.306965744271547,122.11398743698412,0.353601496725912,2,False,,
2082,18.30719015607932,122.12344811594696,0.3889113719142048,2,False,,
2084,18.292187789627715,122.10393930420864,0.3358348968105065,2,False,,
2085,18.29212174614762,122.10914318085824,0.3958944281524926,2,False,,
2086,18.289944117551396,122.08815123644946,0.3883282141290039,2,False,,
2087,18.282234870022805,122.08242069592572,0.3957614588467225,2,False,,
2088,18.291727045040375,122.10204948234588,0.3181155900922778,2,False,,
2089,18.28982833323123,122.10187004271796,0.3415334153341533,2,False,,
2090,18.311238558212292,122.06249255203952,0.3686911890504705,2,False,,
2091,18.307665391439382,122.10896910812464,0.3234025872206977,2,False,,
2093,18.303579160102487,122.10482690176464,0.3872387238723872,2,False,,
2094,18.302334293851267,122.1091856016868,0.3509594882729211,2,False,,
2095,18.291964050026458,122.07593609142388,0.3925233644859813,2,False,,
2096,18.275980544675395,122.07857496422864,0.3579082726103729,2,False,,
2097,18.30852355335609,122.08029533578691,0.3865177502991623,2,False,,
2098,18.298089335357208,122.09056856365667,0.387774594078319,2,False,,
2099,18.294539077382588,122.0851942758423,0.3948901837740923,2,False,,
2100,18.297672462050095,122.09795051555984,0.3751152073732718,2,False,,
2102,18.30484703454812,122.1053880878708,0.386094674556213,2,False,,
2103,18.31161842613611,122.12342583178214,0.302139037433155,2,False,,
2104,18.292031373475265,122.10914364258396,0.354141656662665,2,False,,
2106,18.289992595621527,122.09836868303192,0.3217535153019024,2,False,,
2107,18.289918705744295,122.10186957728268,0.3519776268477826,2,False,,
2108,18.298226937177088,122.06294100983376,0.394169835234474,2,False,,
2109,18.298616227236412,122.0873489751104,0.3915857605177993,2,False,,
2110,18.295689627093633,122.0990961145868,0.3720316622691293,2,False,,
2111,18.295509757376724,122.06172567771858,0.3934045517882025,2,False,,
2112,18.298863775580394,122.08242780433724,0.3457339264051759,2,False,,
2113,18.298088434471676,122.09037934301688,0.3635614179719703,2,False,,
2114,18.294567521719102,122.09115460129134,0.3631469979296066,2,False,,
2115,18.304960390945,122.11030757772156,0.3350694444444444,2,False,,
2116,18.29587604533179,122.08130819620251,0.3744855967078189,2,False,,
2117,18.29607132310094,122.08433473227184,0.371331348362399,2,False,,
2118,18.284332911319396,122.08647767905008,0.3258645884072089,2,False,,
2119,18.290946460287433,122.1090545761533,0.3963580007748934,2,False,,
2120,18.281786064804717,122.1021006591866,0.3993696533093201,2,False,,
2121,18.284433447729786,122.10776336722468,0.3668582375478927,2,False,,
2122,18.277200537343912,122.10713814131252,0.3845466726217061,2,False,,
2123,18.298527210960003,122.08763327974688,0.3953878406708595,2,False,,
2124,18.298892312708105,122.0883882730366,0.3383958234456573,2,False,,
2125,18.29785410010861,122.09813880097704,0.3837535014005602,2,False,,
2126,18.288106782839943,122.08191677211418,0.3220843672456576,2,False,,
2127,18.290979991443013,122.09694444329588,0.3931240657698057,2,False,,
2128,18.289716118944003,122.09723481313009,0.3982456140350877,2,False,,
2129,18.2899930419409,122.09846328916728,0.3834846519671422,2,False,,
2131,18.290856087606155,122.10905503789316,0.3917682926829268,2,False,,
2132,18.28228300444823,122.11174775429969,0.3531417437895762,2,False,,
2133,18.28364562401576,122.11325450121356,0.3473589973142345,2,False,,
2134,18.277290468377146,122.10704307947589,0.3833865814696485,2,False,,
2135,18.27729091010679,122.1071376789491,0.3978213507625272,2,False,,
2136,18.30791104897478,122.06582207172876,0.3771029954862536,2,False,,
2137,18.29204938656763,122.07489493940857,0.3967479674796748,2,False,,
2138,18.297611273523945,122.08508354133544,0.3786046511627907,2,False,,
2139,16.494060725563426,121.0382194989488,0.3307776560788609,2,False,,
2140,16.482027049389806,121.03646781080424,0.3442298167409608,2,False,,
2141,16.48946416816082,120.9824509626172,0.3938506588579795,2,False,,
2142,16.489222022472784,120.9854501988004,0.3962920046349942,2,False,,
2143,16.53962299689387,121.03110862242303,0.3575252825698988,2,False,,
2145,16.50647633834165,121.12089022556655,0.3272727272727272,2,False,,
2146,16.45377026997618,120.98197774901286,0.3915005641218503,2,False,,
2147,18.457316848527235,122.14655361781516,0.3834061135371179,2,False,,
2149,19.43462914827934,121.5113286284308,0.3939393939393939,2,False,,
2150,19.42903887639346,121.51271284470327,0.3729468599033816,2,False,,
2152,16.542439366206,121.85688575399335,0.3801652892561983,2,False,,
2153,16.5408797349085,121.85267817932922,0.3822584630590561,2,False,,
2154,16.546754516642242,121.85264344477712,0.3148212426240888,2,False,,
2155,16.540464309937008,121.85933373443424,0.3980765604374882,2,False,,
2156,16.535551357701213,121.85345929644956,0.3561335244726602,2,False,,
2158,16.557168922783344,121.8729177481273,0.3682531241691039,2,False,,
2159,16.555017466992258,121.87621021452075,0.382851445663011,2,False,,
2160,16.546939402002355,121.85339202079408,0.3778075762655045,2,False,,
2161,16.56051000633002,121.87233602943776,0.343139619001688,2,False,,
2162,16.546934247958095,121.85245496458252,0.3671875,2,False,,
2163,16.54684438232458,121.85254920472345,0.3184643510054845,2,False,,
2164,16.55501696178934,121.87611650423872,0.3824948311509304,2,False,,
2165,16.546784121020607,121.87466485864314,0.3610785463071512,2,False,,
2166,16.611368794850605,121.86725889260178,0.3998294970161978,2,False,,
2167,16.60997819930552,121.8283653348768,0.3915282003276387,2,False,,
2168,16.55501898234838,121.87649134538655,0.3854945054945055,2,False,,
2169,16.556181812739556,121.87423547787732,0.3887305415479061,2,False,,
2170,16.547479628325895,121.85301399229972,0.3337908945321436,2,False,,
2171,16.542968289219043,121.85444626099728,0.3987068965517241,2,False,,
2172,16.611912614157518,121.86753692602416,0.3910788381742738,2,False,,
2173,16.541054310395538,121.8515526777141,0.3791728948679621,2,False,,
2174,16.63147344320163,121.8416410338044,0.3806639205233826,2,False,,
2175,16.547660390798256,121.85301292361645,0.3134133042529989,2,False,,
2176,16.541683883163067,121.85098671585064,0.3799464445105623,2,False,,
2178,18.454191227911796,122.17545234742964,0.3658536585365853,2,False,,
2179,18.51396202406528,122.20434413608706,0.3592890393567499,2,False,,
2180,18.508592615761767,122.21706278813254,0.3966578715919085,2,False,,
2181,18.449689427567275,122.1793564177493,0.3770491803278688,2,False,,
2182,18.51962361712348,122.2183389187811,0.325,2,False,,
2183,18.50558704922592,122.16923874343848,0.3977220956719818,2,False,,
2184,18.52051479016244,122.21530329288696,0.3466606088141754,2,False,,
2187,18.45352164948576,122.14666707012135,0.3982703686845699,2,False,,
2188,18.517480605906226,122.16112894214494,0.3187294633077766,2,False,,
2189,18.5079639219118,122.21801294585975,0.3390364700585322,2,False,,
2190,16.51365293159117,121.11510725142328,0.3793484262838211,2,False,,
2191,16.505240034518675,121.12408667652316,0.3484602917341977,2,False,,
2192,16.475316986414917,121.1225020434884,0.3867403314917127,2,False,,
2193,16.467011837139385,120.98717804858504,0.3004739336492891,2,False,,
2196,18.51165902124484,122.21553313265218,0.3864059590316573,2,False,,
2197,18.504434275370517,122.21679751058852,0.3318304779080252,2,False,,
2198,18.513051913919043,122.20283262386408,0.3763636363636363,2,False,,
2199,18.454289414742,122.17725117193362,0.3914656771799629,2,False,,
2201,16.469660848467495,120.98078329285096,0.3598039215686274,2,False,,
2202,16.518025751851326,121.05980160929028,0.3031161473087819,2,False,,
2205,16.453779284467668,120.9829139615359,0.3511600471883602,2,False,,
2206,16.513659691627478,121.11585651127852,0.3576512455516014,2,False,,
2207,16.506931461578077,121.12126047858727,0.3116716545532279,2,False,,
2208,16.4652952999918,120.98719576982997,0.3945104465383039,2,False,,
2210,18.45343681237276,122.1478985711702,0.370304114490161,2,False,,
2211,18.465307476585924,122.1754939676734,0.3191273465246068,2,False,,
2213,18.51953324408357,122.21833932931705,0.3647454774926378,2,False,,
2214,18.457226476517963,122.14655406443389,0.382262996941896,2,False,,
2215,18.461011855185728,122.14426248939446,0.3352919573999265,2,False,,
2216,18.23392705894079,121.6994643119495,0.3853804077573347,2,False,,
2217,18.233149043218138,121.70467130698226,0.3702224757558471,2,False,,
2218,18.243015127276596,121.68057681408644,0.3726829268292683,2,False,,
2219,17.165127133544935,121.5926368225548,0.3383128295254833,2,False,,
2220,17.153931393953634,121.55568536265368,0.3790686029043565,2,False,,
2221,17.166464349977467,121.61612848692536,0.3878535408901556,2,False,,
2222,17.16794432119235,121.6210999450793,0.3845386533665835,2,False,,
2223,17.162217739690057,121.62950875632887,0.3394237526352776,2,False,,
2224,17.148609013230054,121.60855298211212,0.3734505296371422,2,False,,
2225,17.090214631352474,121.51736905933252,0.3748558246828143,2,False,,
2226,17.15156034328803,121.5910471176384,0.3389869355947742,2,False,,
2227,17.167519410660677,121.62505142793826,0.3123550844650546,2,False,,
2228,17.157372875022798,121.63471451120168,0.3290008123476848,2,False,,
2229,17.127160444389233,121.51529079038497,0.3715608125482129,2,False,,
2230,17.151698433730235,121.55936855455948,0.3518216421968461,2,False,,
2231,17.160088205514995,121.57002009453588,0.3992477162815691,2,False,,
2232,17.178016065910676,121.60071866164812,0.3620755436856162,2,False,,
2233,17.14827597809168,121.61269137688474,0.3315761729045862,2,False,,
2234,17.169604743203976,121.58677454393413,0.3940744040989084,2,False,,
2235,17.16917988444648,121.61676640538452,0.3665008291873963,2,False,,
2236,17.169063343788082,121.6261681572892,0.3890717577353522,2,False,,
2237,17.157820267722744,121.63405321385235,0.3317683881064163,2,False,,
2238,16.483416492557684,121.04010605607296,0.3390887290167865,2,False,,
2240,18.559303216282384,122.15656597452625,0.3851294903926482,2,False,,
2241,18.550692461251774,122.15092313336103,0.3988884138520735,2,False,,
2242,18.51980436320069,122.21833809770222,0.323262839879154,2,False,,
2243,18.51917175191521,122.218340971437,0.3956133225020308,2,False,,
2244,18.516912425547023,122.21835123382982,0.3773431132844336,2,False,,
2245,16.99547160686006,121.69722399345204,0.350823672971324,2,False,,
2246,16.985970522892085,121.69541121862832,0.3155959333765953,2,False,,
2247,17.00048303538703,121.85433275755632,0.3938477054967221,2,False,,
2248,16.983328727844466,121.85753639511864,0.3797519007603041,2,False,,
2249,16.829933823676132,121.77596968616857,0.3228501228501228,2,False,,
2250,16.821260493769365,121.77649458442347,0.3995726495726496,2,False,,
2251,16.825020470803604,121.78566700025668,0.3387010198604401,2,False,,
2253,19.3851505182742,121.39819813197036,0.3891380169407075,2,False,,
2254,19.38276078131964,121.40383846487268,0.37852593266606,2,False,,
2255,19.373411902373405,121.47247255142506,0.3682294037323623,2,False,,
2256,16.973651029261084,121.69098852075408,0.3749759753988084,2,False,,
2257,16.99947992014088,121.77515607920078,0.3867885334441213,2,False,,
2258,16.979403425173114,121.85061001077216,0.3988961364776718,2,False,,
2259,16.951167701305568,121.76683021833452,0.3920071845532106,2,False,,
2260,17.506971947667942,121.64098071430791,0.3397575380789555,2,False,,
2261,17.505035352808594,121.64852959772855,0.3433070866141732,2,False,,
2262,17.503589501989254,121.64854028999666,0.3977142857142857,2,False,,
2263,17.485366944194453,121.68022241094444,0.364957499314505,2,False,,
2264,17.482384206623035,121.6801497538924,0.3973509933774834,2,False,,
2265,17.473933055989402,121.6731482407351,0.3933649289099526,2,False,,
2266,16.444825636261186,121.14845107828904,0.3768885259289506,2,False,,
2267,16.419472224580456,121.14251226118417,0.3911028730305839,2,False,,
2268,16.393421436992888,121.12927979828004,0.3983739837398374,2,False,,
2269,16.39196830268854,121.12845120434665,0.3811023622047244,2,False,,
2270,16.383691657567574,121.13255521641642,0.3695375477301654,2,False,,
2271,16.40441718956898,121.14649337189655,0.3844086021505376,2,False,,
2272,16.4027343878967,121.12993973785636,0.3259464450600184,2,False,,
2273,16.38746484099422,121.13008551532256,0.3645484949832775,2,False,,
2274,16.390373624372103,121.14222671404454,0.3659742828882295,2,False,,
2275,16.387468265299006,121.14066295330274,0.3555394641564084,2,False,,
2276,16.419856430594937,121.17602547226724,0.3831775700934579,2,False,,
2277,16.437742531977737,121.14449211862332,0.3096716947648624,2,False,,
2278,16.430898875953925,121.13697332534022,0.3650282030620467,2,False,,
2279,16.45107105839003,121.15990922405766,0.3767587285044294,2,False,,
2280,16.386567141082637,121.13074931775276,0.3947089947089947,2,False,,
2281,16.386934373319463,121.1314010534758,0.3826086956521739,2,False,,
2282,16.397051470143726,121.14122727428644,0.3303964757709251,2,False,,
2283,16.39706553588954,121.14281852484848,0.3261802575107296,2,False,,
2284,16.41976607610518,121.17602631497752,0.3841463414634146,2,False,,
2285,16.441998220475266,121.14548164525564,0.3747936158503027,2,False,,
2287,16.402649208271153,121.140706069434,0.3173803526448362,2,False,,
2288,16.397406258288882,121.14047501950786,0.3466085874299938,2,False,,
2289,16.384104508229193,121.13835475158774,0.3647627682079178,2,False,,
2290,16.391879536747542,121.14904585571644,0.3155481450604419,2,False,,
2291,16.442062883316368,121.1425784239078,0.3429951690821256,2,False,,
2293,16.405533041213918,121.13983614589588,0.3447653429602888,2,False,,
2294,16.385247584142927,121.1347869075001,0.3650917610308473,2,False,,
2295,16.40139420376722,121.14184134200056,0.3200723327305605,2,False,,
2296,16.40086036085221,121.14278253483822,0.3694740238786705,2,False,,
2297,16.387050393327804,121.14450476638012,0.3362753751103265,2,False,,
2298,16.401817766985197,121.21148661164,0.378863703267589,2,False,,
2299,16.43201932992318,121.13087687413118,0.3882149046793761,2,False,,
2300,16.415182138515153,121.12748031262608,0.3918348193336461,2,False,,
2301,16.415783416143032,121.1341215264341,0.3601965601965602,2,False,,
2302,16.41803485983833,121.14346212175052,0.3771517996870109,2,False,,
2303,16.402496619389996,121.13368652774447,0.3629893238434163,2,False,,
2304,16.38880763783138,121.12866860735656,0.324773413897281,2,False,,
2305,16.387374488576036,121.13008637745052,0.3862068965517241,2,False,,
2306,16.398880038141503,121.14364382309282,0.3899082568807339,2,False,,
2307,16.3895621009514,121.14242162290476,0.3118062563067608,2,False,,
2308,16.387677083592735,121.14384358774824,0.3966165413533835,2,False,,
2309,16.448552911163045,121.13062500022366,0.3318777292576419,2,False,,
2310,16.428499767263332,121.13137866256238,0.3329207920792079,2,False,,
2311,16.43201798523824,121.14089500861294,0.3446069469835466,2,False,,
2312,16.448950998264717,121.16545377211168,0.3673680579510175,2,False,,
2313,16.446763652758467,121.163320708037,0.3956953642384106,2,False,,
2314,16.449196314696895,121.1728487923422,0.3108552631578947,2,False,,
2315,16.446604259557752,121.1657567328644,0.3881118881118881,2,False,,
2316,16.38668980642334,121.14460178634236,0.3510913799482057,2,False,,
2317,16.402862185737735,121.1341511090506,0.3179262960649594,2,False,,
2318,16.392990484002095,121.13162412256476,0.3866666666666666,2,False,,
2319,16.388622768019797,121.1282023419659,0.3738551207327227,2,False,,
2320,16.386383940308395,121.13047024949174,0.3343605546995377,2,False,,
2321,16.401215153233025,121.14203026686404,0.34301958307012,2,False,,
2322,16.39758944817555,121.14075411317044,0.3890857547838412,2,False,,
2323,16.409580527282007,121.14794234725026,0.3738769868693849,2,False,,
2324,16.3997335946132,121.12781533368148,0.3406500633178556,2,False,,
2325,16.397405430165133,121.1403814164527,0.3539769277474195,2,False,,
2326,16.397499095293355,121.14075497094076,0.3929209867715409,2,False,,
2327,16.39740957036757,121.1408494317824,0.3915878708835996,2,False,,
2328,16.41967490824688,121.17593354210062,0.3528980190755686,2,False,,
2329,16.441972530722154,121.14257928329218,0.3901918976545842,2,False,,
2330,16.402739561106664,121.14070521135658,0.3431498079385403,2,False,,
2331,16.402289453313443,121.14089671250674,0.3039215686274509,2,False,,
2332,16.42620424652487,121.12728114148636,0.3678756476683937,2,False,,
2333,16.41928986239211,121.14232675026284,0.3374108053007135,2,False,,
2334,16.40200928270213,121.13986962858054,0.3638418079096045,2,False,,
2335,16.402379806161843,121.14089585453712,0.3197604790419162,2,False,,
2336,16.401836860907768,121.14080739707846,0.3368912608405603,2,False,,
2337,16.39037445132988,121.14232031383926,0.3073789044816659,2,False,,
2339,16.42568085785333,121.13955091957013,0.3511667615253273,2,False,,
2340,16.396842323954893,121.1278429744105,0.3235414116687066,2,False,,
2341,16.38862193486614,121.12810874376288,0.3226452905811623,2,False,,
2342,16.386658325424353,121.13084205338193,0.3360045792787636,2,False,,
2343,16.40068130932156,121.14297145836449,0.3668555240793201,2,False,,
2344,16.39896956437044,121.14354936260727,0.3846153846153846,2,False,,
2345,16.39642260109609,121.18298393299186,0.3244923331951927,2,False,,
2348,16.415789237970756,121.134776807096,0.315004659832246,2,False,,
2349,16.41334223799303,121.13395757349986,0.3428190306803023,2,False,,
2350,16.40562007848348,121.13946085949748,0.3737704918032787,2,False,,
2351,16.402199100464212,121.14089757047095,0.3233898305084746,2,False,,
2352,16.404130433405502,121.14471741395924,0.3785211267605634,2,False,,
2353,16.397593587593516,121.14122212903912,0.3272727272727272,2,False,,
2354,16.39046480435371,121.1423194571842,0.3119429590017825,2,False,,
2355,16.422793684834676,121.1605500611138,0.3834717971141233,2,False,,
2356,16.38575106270002,121.1611789173934,0.3191850594227504,2,False,,
2357,16.39195008095887,121.18826759605794,0.3535200605601817,2,False,,
2358,16.372385119022287,121.13125891211384,0.3298969072164948,2,False,,
2359,16.36581344697906,121.13403577180124,0.3259889834752128,2,False,,
2360,16.365476898912927,121.13684683454372,0.3273676360924683,2,False,,
2361,16.36723852393941,121.1521799633544,0.3593936976465895,2,False,,
2363,16.358959062289564,121.13550481463864,0.3958418263350999,2,False,,
2365,16.380167097832263,121.16329057643765,0.3934335002782415,2,False,,
2366,16.377256962465832,121.16116498370438,0.3856998992950655,2,False,,
2367,16.37375443596019,121.1740211345928,0.39119804400978,2,False,,
2368,16.365594558330287,121.13993437275413,0.3988157436433298,2,False,,
2369,16.36366818344936,121.1366768158898,0.3721264367816091,2,False,,
2371,16.358127651334595,121.13345368887845,0.3598519888991674,2,False,,
2372,16.353220385448473,121.13031829242286,0.3671061762664816,2,False,,
2373,16.380343832644932,121.1732109441991,0.3746478873239436,2,False,,
2374,16.392954390999762,121.16860010857606,0.3636881047239613,2,False,,
2375,16.39647660651396,121.22099038687836,0.3595903899172902,2,False,,
2376,16.386620616983677,121.1676296299367,0.3855569155446756,2,False,,
2378,16.40109172864126,121.21111878037406,0.3986121819583654,2,False,,
2379,16.406036600169045,121.2081714346028,0.3501259445843829,2,False,,
2381,16.396738960273876,121.21995824864602,0.3080032336297494,2,False,,
2382,16.367899025386524,121.13485830869924,0.3987603305785124,2,False,,
2383,16.366180663223787,121.13468745010836,0.3577825159914712,2,False,,
2385,16.381258955599677,121.15382634343986,0.3203883495145631,2,False,,
2386,16.36603060705405,121.13815191856835,0.3771517996870109,2,False,,
2387,16.372523311883278,121.14688862106946,0.3993808049535604,2,False,,
2388,16.3500779543196,121.13259431326486,0.3994910941475827,2,False,,
2389,16.361143267442532,121.13726234488308,0.3016393442622951,2,False,,
2390,16.360342501234687,121.13867383949756,0.3755441234665611,2,False,,
2392,16.372879411793964,121.16691564032594,0.3430656934306569,2,False,,
2393,16.383382513547186,121.13845521273414,0.397037037037037,2,False,,
2394,16.375827876554027,121.15275426341742,0.3790891597177678,2,False,,
2396,16.36047101802087,121.13277625902737,0.3327882256745707,2,False,,
2397,16.36081988712933,121.14157070888668,0.365079365079365,2,False,,
2399,16.361473817988816,121.14399795795448,0.3345633456334563,2,False,,
2402,16.373436204778383,121.16859524906482,0.3463605276013679,2,False,,
2403,16.381050102625764,121.18172239467206,0.3286991062562066,2,False,,
2404,16.367530979660714,121.13411303619807,0.3759001440230436,2,False,,
2405,16.36627101606145,121.13468659127558,0.3785407725321888,2,False,,
2407,16.37566769558545,121.15509580022923,0.3342857142857143,2,False,,
2408,16.359080038709227,121.13896658643073,0.3886255924170616,2,False,,
2409,16.37944263010254,121.16311015632218,0.386530843237125,2,False,,
2411,16.370955256702405,121.1330508931501,0.3875205254515599,2,False,,
2412,16.3695966454559,121.1326894327502,0.3761164406218987,2,False,,
2413,16.365814276373104,121.13412935943994,0.3699095022624434,2,False,,
2415,16.381437198647898,121.15354385332763,0.367986798679868,2,False,,
2416,16.37053252052699,121.1363308393243,0.3744174003107198,2,False,,
2417,16.368271212423686,121.13607152872974,0.3224237063246351,2,False,,
2418,16.362766309877884,121.13687256603345,0.3596707818930041,2,False,,
2419,16.378074238612356,121.16162533293168,0.3813559322033898,2,False,,
2420,16.373753623909536,121.17392754105558,0.3759331143624962,2,False,,
2421,16.370954426576,121.13295730311786,0.3740710156895128,2,False,,
2423,16.36587253685899,121.15097607348822,0.3037490436113236,2,False,,
2424,16.358218004177438,121.13345282992432,0.3681008257279444,2,False,,
2425,16.349148699471066,121.12970193601689,0.3939393939393939,2,False,,
2427,16.348566812720193,121.13541629614132,0.327033412082349,2,False,,
2428,16.380259086164298,121.16347692217488,0.376220562894888,2,False,,
2430,16.36530999242858,121.16932627796346,0.3389423076923077,2,False,,
2431,16.379722942710714,121.15384080708677,0.365544167886774,2,False,,
2432,16.371687868303965,121.14436934427376,0.3447293447293447,2,False,,
2434,16.372052722358376,121.15503620249736,0.3995565410199556,2,False,,
2435,16.35598900640729,121.13684329040647,0.3749375936095856,2,False,,
2436,16.35755013460009,121.14993135698543,0.3761541549578482,2,False,,
2437,16.37809308905408,121.17416794514828,0.3883495145631068,2,False,,
2438,16.37651638355164,121.12841153616492,0.3924611973392461,2,False,,
2439,16.368688967084594,121.1322300872529,0.3677003624647603,2,False,,
2441,16.381898610450968,121.14436632725624,0.3915343915343915,2,False,,
2442,16.381526730790984,121.1534494061694,0.3384681215233205,2,False,,
2443,16.371239401859402,121.14474798073049,0.324459234608985,2,False,,
2444,16.369674787768403,121.15178262707254,0.3011857707509881,2,False,,
2447,16.357936012399094,121.14244033659968,0.3997155049786628,2,False,,
2448,16.373253866836503,121.16840975026663,0.3075435203094777,2,False,,
2449,16.369092672367575,121.167887008503,0.3571778539931406,2,False,,
2450,16.366362198030497,121.13477932037205,0.3763258379295714,2,False,,
2451,16.380032001333756,121.1376446050798,0.3756294058408862,2,False,,
2453,16.370570593400743,121.14063598543716,0.3746097814776274,2,False,,
2454,16.367237702496645,121.15208637407534,0.3888452474469756,2,False,,
2455,16.359748195689235,121.13278313399856,0.3996655518394649,2,False,,
2456,16.352417172744282,121.1314490062736,0.3795885437676482,2,False,,
2457,16.35205410173164,121.13126528258348,0.3974895397489539,2,False,,
2459,16.37238678088435,121.13144609336642,0.3417607223476298,2,False,,
2460,16.367531809104953,121.13420662465973,0.3184031158714703,2,False,,
2461,16.365723094171095,121.13403663090824,0.3899905571293673,2,False,,
2464,16.349147868931897,121.12960835655572,0.3785772690106296,2,False,,
2465,16.343932299440304,121.13246555171224,0.3462908973113054,2,False,,
2466,16.360433681397392,121.13876656814432,0.3427119968737788,2,False,,
2467,16.36100554784719,121.14213051270649,0.3579399141630901,2,False,,
2468,16.353700952898688,121.14379065943623,0.3801452784503632,2,False,,
2469,16.369822949510915,121.13783514099164,0.3278688524590163,2,False,,
2470,16.369827916304036,121.13839667959373,0.377491961414791,2,False,,
2472,16.367147348772725,121.1520872249527,0.3589220089832585,2,False,,
2473,16.36752846716644,121.15432996868368,0.3496748374187093,2,False,,
2474,16.355067257954932,121.13479304534872,0.3539462978030919,2,False,,
2475,16.361862780036,121.13688114211756,0.3626225076039202,2,False,,
2477,16.35764048829577,121.1499305056432,0.3880478087649402,2,False,,
2478,16.343344534587626,121.13752471848504,0.3918544879398972,2,False,,
2479,16.377506744549308,121.15872898246523,0.3292433537832311,2,False,,
2480,16.377325217576363,121.15863708478614,0.3450527373179307,2,False,,
2481,16.36678486972161,121.16229271397668,0.3930348258706467,2,False,,
2482,16.37185048855312,121.17329005638648,0.3107454017424976,2,False,,
2483,16.36604632388867,121.13993009077303,0.3771839671120247,2,False,,
2484,16.35832410631438,121.13523006846802,0.373652133145804,2,False,,
2485,16.356919861795394,121.1297215238074,0.3231046931407942,2,False,,
2486,16.3505181043187,121.13127989535828,0.3654946852003271,2,False,,
2487,16.36159172106749,121.13688371483757,0.3722735674676525,2,False,,
2488,16.356079359443477,121.13684243313004,0.3976608187134502,2,False,,
2489,16.379352275920763,121.1631110027914,0.3284403669724771,2,False,,
2490,16.38324072557613,121.13265311613648,0.3738910012674271,2,False,,
2491,16.36818085953164,121.13607238703584,0.3105413105413105,2,False,,
2493,16.371573569467614,121.141656063789,0.3568215892053973,2,False,,
2495,16.360742906086834,121.13286726597784,0.3560477001703577,2,False,,
2496,16.361682074057807,121.1368828572696,0.3333333333333333,2,False,,
2497,16.354326004406747,121.1429424376866,0.3772116065109696,2,False,,
2498,16.382636869893112,121.16673082093,0.3948161543098252,2,False,,
